x,y,Dim.1,Dim.2,Dim.3,dim1_bin,dim2_bin,dim3_bin,bin_string,elevation,slope,aspect,macroclimate,soiltemp,landcover,landcover_class
0.06250000001438588,30.065277777772998,0.8678567343416118,-0.7223038680005027,-1.1974097964857064,"(0.596,2.01]","(-0.799,0.473]","(-1.34,0.0889]","(0.596,2.01] (-0.799,0.473] (-1.34,0.0889]",452.89593505859375,0.11251020431518555,89.19116973876953,23.127439498901367,26.030000686645508,16,Barren or sparsely vegetated
0.18750000001439582,29.829166666661866,2.3239667503985433,0.06347169314447614,-0.7530069977486554,"(2.01,3.43]","(-0.799,0.473]","(-1.34,0.0889]","(2.01,3.43] (-0.799,0.473] (-1.34,0.0889]",421.32421875,0.07184518873691559,154.1477508544922,23.463838577270508,26.350000381469727,16,Barren or sparsely vegetated
-0.2541666666523059,30.040277777772996,0.17858761677655374,-1.067987237808979,0.7348598725527001,"(-0.819,0.596]","(-2.07,-0.799]","(0.0889,1.52]","(-0.819,0.596] (-2.07,-0.799] (0.0889,1.52]",473.8323059082031,0.4201882779598236,132.79391479492188,23.137500762939453,26.020000457763672,16,Barren or sparsely vegetated
-0.26249999998563994,30.287499999995237,-1.3355023247936348,-0.13538353962122504,-1.3108756997517346,"(-2.23,-0.819]","(-0.799,0.473]","(-1.34,0.0889]","(-2.23,-0.819] (-0.799,0.473] (-1.34,0.0889]",516.5462646484375,0.11855535209178925,123.93162536621094,22.658750534057617,25.6299991607666,16,Barren or sparsely vegetated
-0.21527777776341395,29.984722222217435,0.04024579566268876,0.6591631268436119,-0.173266225681712,"(-0.819,0.596]","(0.473,1.74]","(-1.34,0.0889]","(-0.819,0.596] (0.473,1.74] (-1.34,0.0889]",490.1700134277344,0.1741659939289093,213.86386108398438,23.158418655395508,25.8700008392334,16,Barren or sparsely vegetated
-0.173611111096744,30.456944444439696,-2.9218821750998663,-0.38584493236100326,-1.432359130781744,"(-3.66,-2.23]","(-0.799,0.473]","(-2.79,-1.34]","(-3.66,-2.23] (-0.799,0.473] (-2.79,-1.34]",550.02032470703125,0.1686510294675827,104.6941909790039,22.283750534057617,25.290000915527344,16,Barren or sparsely vegetated
0.13194444445883585,29.998611111106325,0.7295243043464489,-0.4124831206489946,0.10800073722442728,"(0.596,2.01]","(-0.799,0.473]","(0.0889,1.52]","(0.596,2.01] (-0.799,0.473] (0.0889,1.52]",449.52215576171875,0.27363601326942444,154.43731689453125,23.181291580200195,25.989999771118164,16,Barren or sparsely vegetated
-0.21249999998563596,29.890277777772983,1.4467699091040238,-1.254676328010957,0.4067741960019437,"(0.596,2.01]","(-2.07,-0.799]","(0.0889,1.52]","(0.596,2.01] (-2.07,-0.799] (0.0889,1.52]",450.05694580078125,0.34966906905174255,108.60337829589844,23.45005989074707,26.280000686645508,16,Barren or sparsely vegetated
-0.13749999998563,30.2791666666619,-1.4064901621932966,1.1375890749445663,0.5802571300564688,"(-2.23,-0.819]","(0.473,1.74]","(0.0889,1.52]","(-2.23,-0.819] (0.473,1.74] (0.0889,1.52]",515.18798828125,0.28639471530914307,270.44140625,22.649999618530273,25.729999542236328,16,Barren or sparsely vegetated
0.16805555556994983,29.85138888888409,1.8012426089618159,-0.05595082401792097,-0.15008172289794267,"(0.596,2.01]","(-0.799,0.473]","(-1.34,0.0889]","(0.596,2.01] (-0.799,0.473] (-1.34,0.0889]",427.9332275390625,0.17972227931022644,167.8646240234375,23.403749465942383,26.209999084472656,16,Barren or sparsely vegetated
-0.18472222220785597,30.33472222221746,-2.109859814617029,-0.9467827790347606,-1.7837332698954094,"(-2.23,-0.819]","(-2.07,-0.799]","(-2.79,-1.34]","(-2.23,-0.819] (-2.07,-0.799] (-2.79,-1.34]",529.99676513671875,0.13751637935638428,56.512115478515625,22.522232055664062,25.3799991607666,16,Barren or sparsely vegetated
-0.24305555554119396,30.39583333332858,-2.1104436865632286,2.4754077082392953,-0.14942403001926946,"(-2.23,-0.819]","(1.74,3.02]","(-1.34,0.0889]","(-2.23,-0.819] (1.74,3.02] (-1.34,0.0889]",534.59368896484375,0.11199890822172165,333.3453063964844,22.5314998626709,25.420000076293945,16,Barren or sparsely vegetated
0.09305555556994388,29.951388888884097,1.2898265857496838,0.7981159632165231,-0.7956185081240471,"(0.596,2.01]","(0.473,1.74]","(-1.34,0.0889]","(0.596,2.01] (0.473,1.74] (-1.34,0.0889]",447.03302001953125,0.04402575269341469,200.92172241210938,23.231592178344727,26.110000610351562,16,Barren or sparsely vegetated
0.05138888890327392,30.201388888884118,-0.11245870063100122,0.9539770786596352,-0.18648757772939728,"(-0.819,0.596]","(0.473,1.74]","(-1.34,0.0889]","(-0.819,0.596] (0.473,1.74] (-1.34,0.0889]",480.5046081542969,0.1571875959634781,231.8763885498047,22.869277954101562,25.940000534057617,16,Barren or sparsely vegetated
0.10138888890327791,30.051388888884105,0.1818260779793408,-1.2406874469468727,-1.2090140374743021,"(-0.819,0.596]","(-2.07,-0.799]","(-1.34,0.0889]","(-0.819,0.596] (-2.07,-0.799] (-1.34,0.0889]",471.2560119628906,0.16913051903247833,56.192481994628906,23.08655548095703,25.829999923706055,16,Barren or sparsely vegetated
0.21527777779217577,30.026388888884103,0.446488985244912,-0.3149192962367768,0.20703705866500385,"(-0.819,0.596]","(-0.799,0.473]","(0.0889,1.52]","(-0.819,0.596] (-0.799,0.473] (0.0889,1.52]",455.38458251953125,0.2886282801628113,164.18344116210938,23.098512649536133,25.950000762939453,16,Barren or sparsely vegetated
0.009722222236603906,30.245833333328566,-0.43857907342891767,-1.3968402180537058,1.2961305677227843,"(-0.819,0.596]","(-2.07,-0.799]","(0.0889,1.52]","(-0.819,0.596] (-2.07,-0.799] (0.0889,1.52]",478.88958740234375,0.5398629307746887,130.388671875,22.861190795898438,26.020000457763672,16,Barren or sparsely vegetated
0.13472222223661384,30.24027777777301,-1.0370255094505172,-0.5545567422968338,0.00697541202097402,"(-2.23,-0.819]","(-0.799,0.473]","(-1.34,0.0889]","(-2.23,-0.819] (-0.799,0.473] (-1.34,0.0889]",494.8719177246094,0.32216814160346985,142.22549438476562,22.749860763549805,25.700000762939453,16,Barren or sparsely vegetated
0.0569444444588299,30.098611111106333,-0.2829406307528112,1.3811834557624658,0.5849475304657895,"(-0.819,0.596]","(0.473,1.74]","(0.0889,1.52]","(-0.819,0.596] (0.473,1.74] (0.0889,1.52]",482.2135009765625,0.23764249682426453,286.7671813964844,22.95427703857422,25.829999923706055,16,Barren or sparsely vegetated
-0.02083333331895404,29.718055555550745,2.7788144056190154,-0.4601214667305623,-0.1706222375871339,"(2.01,3.43]","(-0.799,0.473]","(-1.34,0.0889]","(2.01,3.43] (-0.799,0.473] (-1.34,0.0889]",410.8115234375,0.175106942653656,139.78021240234375,23.61711311340332,26.489999771118164,16,Barren or sparsely vegetated
-0.22916666665230395,30.431944444439694,-2.459207352224302,1.489127064922777,0.12020024507935195,"(-3.66,-2.23]","(0.473,1.74]","(0.0889,1.52]","(-3.66,-2.23] (0.473,1.74] (0.0889,1.52]",537.9993896484375,0.23092839121818542,278.6784362792969,22.41979217529297,25.420000076293945,16,Barren or sparsely vegetated
-0.2708333333189739,29.854166666661868,1.619955806165302,-0.40636725966565374,-0.24200643104830694,"(0.596,2.01]","(-0.799,0.473]","(-1.34,0.0889]","(0.596,2.01] (-0.799,0.473] (-1.34,0.0889]",447.4834899902344,0.1943543702363968,140.91445922851562,23.384166717529297,26.309999465942383,16,Barren or sparsely vegetated
0.0736111111254979,29.937499999995207,1.6759593739667211,1.8497047703135225,0.1607165743720795,"(0.596,2.01]","(1.74,3.02]","(0.0889,1.52]","(0.596,2.01] (1.74,3.02] (0.0889,1.52]",436.054931640625,0.08680672198534012,301.1420593261719,23.301488876342773,26.239999771118164,16,Barren or sparsely vegetated
0.22361111112550985,30.15694444443967,-0.17030691788018124,0.7610956884929531,0.23190371114427508,"(-0.819,0.596]","(0.473,1.74]","(0.0889,1.52]","(-0.819,0.596] (0.473,1.74] (0.0889,1.52]",478.7708435058594,0.23078225553035736,234.2241668701172,22.925556182861328,25.889999389648438,16,Barren or sparsely vegetated
-0.2847222222078639,29.923611111106318,1.021540140309347,-0.7981783062250426,0.21675157709907691,"(0.596,2.01]","(-0.799,0.473]","(0.0889,1.52]","(0.596,2.01] (-0.799,0.473] (0.0889,1.52]",461.3201904296875,0.30283287167549133,131.22152709960938,23.251190185546875,26.260000228881836,16,Barren or sparsely vegetated
0.12638888890327987,29.959722222217433,1.6152750319169422,0.4299348768755692,-0.6289501797004824,"(0.596,2.01]","(-0.799,0.473]","(-1.34,0.0889]","(0.596,2.01] (-0.799,0.473] (-1.34,0.0889]",438.60687255859375,0.08304475992918015,181.9735870361328,23.240278244018555,26.270000457763672,16,Barren or sparsely vegetated
0.0263888889032719,30.231944444439677,-1.605500416659944,0.34155822726796287,2.158034859495949,"(-2.23,-0.819]","(-0.799,0.473]","(1.52,2.96]","(-2.23,-0.819] (-0.799,0.473] (1.52,2.96]",494.3990173339844,0.5712346434593201,275.61553955078125,22.80952262878418,25.469999313354492,16,Barren or sparsely vegetated
-0.115277777763406,29.712499999995188,2.9271965772834587,-0.9160156339407489,-0.5990410796684859,"(2.01,3.43]","(-2.07,-0.799]","(-1.34,0.0889]","(2.01,3.43] (-2.07,-0.799] (-1.34,0.0889]",412.0443420410156,0.1438966691493988,94.96917724609375,23.610097885131836,26.579999923706055,16,Barren or sparsely vegetated
-0.09305555554118203,29.720833333328525,2.9586836084712176,1.0788416185957805,0.15375026454770588,"(2.01,3.43]","(0.473,1.74]","(0.0889,1.52]","(2.01,3.43] (0.473,1.74] (0.0889,1.52]",409.8212890625,0.10193686932325363,249.9578094482422,23.618610382080078,26.549999237060547,16,Barren or sparsely vegetated
0.2097222222366198,29.82638888888409,2.2696785328261098,0.1799796555558948,-0.33681835225347045,"(2.01,3.43]","(-0.799,0.473]","(-1.34,0.0889]","(2.01,3.43] (-0.799,0.473] (-1.34,0.0889]",419.1286315917969,0.12251097708940506,176.15711975097656,23.469444274902344,26.329999923706055,16,Barren or sparsely vegetated
-0.14305555554118599,29.86527777777298,1.7398443930160645,-0.8964931744425293,-0.05147069629012676,"(0.596,2.01]","(-2.07,-0.799]","(-1.34,0.0889]","(0.596,2.01] (-2.07,-0.799] (-1.34,0.0889]",446.43780517578125,0.25169679522514343,115.55278015136719,23.45244026184082,26.360000610351562,16,Barren or sparsely vegetated
0.16250000001439385,30.401388888884135,-1.5603274815147328,-0.18958835091080153,-2.087606834289357,"(-2.23,-0.819]","(-0.799,0.473]","(-2.79,-1.34]","(-2.23,-0.819] (-0.799,0.473] (-2.79,-1.34]",505.2991027832031,0.02721695601940155,95.21736145019531,22.51176643371582,25.43000030517578,16,Barren or sparsely vegetated
-0.15138888887451998,30.24027777777301,-1.5639944221870583,0.9088016551229398,1.5467677626532617,"(-2.23,-0.819]","(0.473,1.74]","(1.52,2.96]","(-2.23,-0.819] (0.473,1.74] (1.52,2.96]",510.5623474121094,0.4412830173969269,289.4828186035156,22.69886016845703,25.65999984741211,16,Barren or sparsely vegetated
0.15694444445883787,30.393055555550802,-1.8994599867965423,2.336570262285487,0.23498731181193036,"(-2.23,-0.819]","(1.74,3.02]","(0.0889,1.52]","(-2.23,-0.819] (1.74,3.02] (0.0889,1.52]",511.17529296875,0.17162877321243286,338.07061767578125,22.49140739440918,25.420000076293945,16,Barren or sparsely vegetated
-0.18194444443007796,30.20972222221745,-1.094697135681142,-1.4736252012103823,0.5920290652380696,"(-2.23,-0.819]","(-2.07,-0.799]","(0.0889,1.52]","(-2.23,-0.819] (-2.07,-0.799] (0.0889,1.52]",503.5010070800781,0.46799683570861816,101.97099304199219,22.795499801635742,25.81999969482422,16,Barren or sparsely vegetated
-0.12361111109674,30.2541666666619,-1.0841720470857767,-0.04235207324068458,-1.6210240753777958,"(-2.23,-0.819]","(-0.799,0.473]","(-2.79,-1.34]","(-2.23,-0.819] (-0.799,0.473] (-2.79,-1.34]",507.4407958984375,0.06307407468557358,119.78245544433594,22.724027633666992,25.600000381469727,16,Barren or sparsely vegetated
0.19027777779217386,30.037499999995216,0.6425156587750013,-0.23173310573008588,-0.4024033582314759,"(0.596,2.01]","(-0.799,0.473]","(-1.34,0.0889]","(0.596,2.01] (-0.799,0.473] (-1.34,0.0889]",452.39556884765625,0.19348204135894775,148.64974975585938,23.1116943359375,25.959999084472656,16,Barren or sparsely vegetated
-0.24027777776341594,30.329166666661905,-1.8113577193091732,-0.3789262156744779,-1.8360362923793974,"(-2.23,-0.819]","(-0.799,0.473]","(-2.79,-1.34]","(-2.23,-0.819] (-0.799,0.473] (-2.79,-1.34]",531.780029296875,0.07823449373245239,90.44847869873047,22.5575008392334,25.520000457763672,16,Barren or sparsely vegetated
-0.10416666665229402,29.995833333328545,1.1247351935236667,0.5908205978908061,-0.21066198716675857,"(0.596,2.01]","(0.473,1.74]","(-1.34,0.0889]","(0.596,2.01] (0.473,1.74] (-1.34,0.0889]",452.12884521484375,0.14299653470516205,207.12147521972656,23.202402114868164,26.15999984741211,16,Barren or sparsely vegetated
0.15972222223661586,30.26527777777301,-0.9264052170798357,-1.0787394643204107,0.7103948208241252,"(-2.23,-0.819]","(-2.07,-0.799]","(0.0889,1.52]","(-2.23,-0.819] (-2.07,-0.799] (0.0889,1.52]",484.6413879394531,0.45369988679885864,132.2860565185547,22.76249885559082,25.770000457763672,16,Barren or sparsely vegetated
-0.01527777776339806,29.820833333328533,2.2844649587569994,-2.090283837539695,-1.0972213056418703,"(2.01,3.43]","(-3.35,-2.07]","(-1.34,0.0889]","(2.01,3.43] (-3.35,-2.07] (-1.34,0.0889]",418.51654052734375,0.18254125118255615,3.4385600090026855,23.508779525756836,26.329999923706055,16,Barren or sparsely vegetated
0.25138888890328986,29.773611111106305,2.709850574160311,-0.26027178940927825,-0.35614321752398603,"(2.01,3.43]","(-0.799,0.473]","(-1.34,0.0889]","(2.01,3.43] (-0.799,0.473] (-1.34,0.0889]",405.541015625,0.13908009231090546,146.93202209472656,23.567222595214844,26.40999984741211,16,Barren or sparsely vegetated
0.09583333334772187,29.92083333332854,1.4262811873937515,-1.1472347650550656,-0.06463509298423734,"(0.596,2.01]","(-2.07,-0.799]","(-1.34,0.0889]","(0.596,2.01] (-2.07,-0.799] (-1.34,0.0889]",436.2817687988281,0.28111791610717773,99.99414825439453,23.30791664123535,26.209999084472656,16,Barren or sparsely vegetated
0.11527777779216786,30.259722222217455,-0.7719938966338582,1.7615933911238744,0.4897876902919299,"(-0.819,0.596]","(1.74,3.02]","(0.0889,1.52]","(-0.819,0.596] (1.74,3.02] (0.0889,1.52]",496.0893859863281,0.21089033782482147,307.6651306152344,22.75454330444336,25.809999465942383,16,Barren or sparsely vegetated
0.004166666681047926,30.206944444439674,-0.5762627630594406,-1.4086777091727283,-0.406573262188804,"(-0.819,0.596]","(-2.07,-0.799]","(-1.34,0.0889]","(-0.819,0.596] (-2.07,-0.799] (-1.34,0.0889]",486.5056457519531,0.31322604417800903,72.57439422607422,22.879365921020508,25.790000915527344,16,Barren or sparsely vegetated
-0.19027777776341198,30.262499999995235,-1.6105345428501847,-0.8367441665973038,-0.2134595652841071,"(-2.23,-0.819]","(-2.07,-0.799]","(-1.34,0.0889]","(-2.23,-0.819] (-2.07,-0.799] (-1.34,0.0889]",517.49761962890625,0.3277096152305603,116.11216735839844,22.634286880493164,25.649999618530273,16,Barren or sparsely vegetated
0.09027777779216589,30.123611111106335,-0.05842789372270039,-1.7968033804260768,-1.293635614596377,"(-0.819,0.596]","(-2.07,-0.799]","(-1.34,0.0889]","(-0.819,0.596] (-2.07,-0.799] (-1.34,0.0889]",465.74932861328125,0.20717932283878326,17.9039306640625,22.974027633666992,25.75,16,Barren or sparsely vegetated
-0.05416666665229003,30.18472222221745,-0.22424159242769925,-0.9298147975933324,0.33288560094073527,"(-0.819,0.596]","(-2.07,-0.799]","(0.0889,1.52]","(-0.819,0.596] (-2.07,-0.799] (0.0889,1.52]",476.3760986328125,0.3687973618507385,128.31871032714844,22.94095230102539,25.920000076293945,16,Barren or sparsely vegetated
0.28472222223662574,30.162499999995227,-0.3807497130434988,1.1397912931823886,0.03494511645751202,"(-0.819,0.596]","(0.473,1.74]","(-1.34,0.0889]","(-0.819,0.596] (0.473,1.74] (-1.34,0.0889]",478.2024230957031,0.18451249599456787,252.840576171875,22.878721237182617,25.75,16,Barren or sparsely vegetated
0.2347222222366218,30.148611111106337,-0.3516572704349605,1.206247066619235,-0.5329492297598264,"(-0.819,0.596]","(0.473,1.74]","(-1.34,0.0889]","(-0.819,0.596] (0.473,1.74] (-1.34,0.0889]",485.1270446777344,0.10014164447784424,237.5752410888672,22.90625,25.739999771118164,16,Barren or sparsely vegetated
-0.162499999985632,29.884722222217427,1.5758203953251293,1.3685316763127895,1.5715856777948642,"(0.596,2.01]","(0.473,1.74]","(1.52,2.96]","(0.596,2.01] (0.473,1.74] (1.52,2.96]",435.9142761230469,0.31822818517684937,319.5198669433594,23.542133331298828,26.1299991607666,16,Barren or sparsely vegetated
-0.07916666665229202,30.112499999995222,0.08073425873643435,-0.5661728742362553,-0.5374086871572453,"(-0.819,0.596]","(-0.799,0.473]","(-1.34,0.0889]","(-0.819,0.596] (-0.799,0.473] (-1.34,0.0889]",478.0074157714844,0.21319983899593353,121.68360900878906,22.99553680419922,25.959999084472656,16,Barren or sparsely vegetated
0.031944444458827936,30.220833333328564,-1.705329282276243,-1.8948326282303989,1.4893756975889318,"(-2.23,-0.819]","(-2.07,-0.799]","(0.0889,1.52]","(-2.23,-0.819] (-2.07,-0.799] (0.0889,1.52]",501.53558349609375,0.6431670784950256,107.42949676513672,22.776636123657227,25.549999237060547,16,Barren or sparsely vegetated
0.15694444445883787,30.12638888888411,-0.48934579288872826,1.1045938746777297,-0.1032606511306452,"(-0.819,0.596]","(0.473,1.74]","(-1.34,0.0889]","(-0.819,0.596] (0.473,1.74] (-1.34,0.0889]",481.89886474609375,0.17191055417060852,246.55628967285156,22.941944122314453,25.639999389648438,16,Barren or sparsely vegetated
-0.23749999998563795,30.112499999995222,0.19283851593618914,-0.615267657510484,-0.10846076008526885,"(-0.819,0.596]","(-0.799,0.473]","(-1.34,0.0889]","(-0.819,0.596] (-0.799,0.473] (-1.34,0.0889]",474.7835388183594,0.2726112902164459,133.9014129638672,23.15401840209961,25.899999618530273,16,Barren or sparsely vegetated
0.2680555555699578,30.08749999999522,0.42340334052360185,0.5259875344115409,-0.19906981548155278,"(-0.819,0.596]","(0.473,1.74]","(-1.34,0.0889]","(-0.819,0.596] (0.473,1.74] (-1.34,0.0889]",458.821044921875,0.17249098420143127,204.3214111328125,23.011756896972656,25.959999084472656,16,Barren or sparsely vegetated
-0.24305555554119396,29.820833333328533,1.4479140676053226,0.13882537288564964,-0.6009821098335141,"(0.596,2.01]","(-0.799,0.473]","(-1.34,0.0889]","(0.596,2.01] (-0.799,0.473] (-1.34,0.0889]",457.1078186035156,0.11085420101881027,164.5214385986328,23.426250457763672,26.18000030517578,16,Barren or sparsely vegetated
-0.10138888887451603,30.162499999995227,-0.09918124004357158,-0.145169862236954,-0.9642920769002288,"(-0.819,0.596]","(-0.799,0.473]","(-1.34,0.0889]","(-0.819,0.596] (-0.799,0.473] (-1.34,0.0889]",483.5360107421875,0.1300123780965805,134.57823181152344,22.93857192993164,25.8799991607666,16,Barren or sparsely vegetated
0.25972222223662383,30.21249999999523,-0.7434183533602696,-0.607445163626053,-1.7097418117561114,"(-0.819,0.596]","(-0.799,0.473]","(-2.79,-1.34]","(-0.819,0.596] (-0.799,0.473] (-2.79,-1.34]",491.9103698730469,0.08314846456050873,80.45429992675781,22.78603172302246,25.6299991607666,16,Barren or sparsely vegetated
0.015277777792159941,30.093055555550777,-0.15648356903934127,0.16280714240260824,0.5373415922129563,"(-0.819,0.596]","(-0.799,0.473]","(0.0889,1.52]","(-0.819,0.596] (-0.799,0.473] (0.0889,1.52]",476.6308898925781,0.3155716359615326,206.0935516357422,22.972946166992188,25.899999618530273,16,Barren or sparsely vegetated
-0.0069444444300640895,30.181944444439672,-0.3783403729827302,-0.20996943143447405,2.86204729496936,"(-0.819,0.596]","(-0.799,0.473]","(1.52,2.96]","(-0.819,0.596] (-0.799,0.473] (1.52,2.96]",478.9769287109375,0.6650115251541138,260.2137756347656,22.920536041259766,26.1200008392334,16,Barren or sparsely vegetated
0.0736111111254979,30.076388888884107,-0.10951132733869613,-0.3138132827469491,3.2051202196588506,"(-0.819,0.596]","(-0.799,0.473]","(2.96,4.4]","(-0.819,0.596] (-0.799,0.473] (2.96,4.4]",466.735107421875,0.7128744125366211,265.923828125,23.055208206176758,26.09000015258789,16,Barren or sparsely vegetated
0.10694444445883389,30.193055555550785,-0.688977316650515,-1.5624424592601907,-0.16995133264610204,"(-0.819,0.596]","(-2.07,-0.799]","(-1.34,0.0889]","(-0.819,0.596] (-2.07,-0.799] (-1.34,0.0889]",478.306396484375,0.36223819851875305,71.37571716308594,22.830795288085938,25.719999313354492,16,Barren or sparsely vegetated
0.0736111111254979,30.03472222221744,0.525232017868518,-1.3960576849142419,-2.2877299407634877,"(-0.819,0.596]","(-2.07,-0.799]","(-2.79,-1.34]","(-0.819,0.596] (-2.07,-0.799] (-2.79,-1.34]",472.5606994628906,0.021060753613710403,8.509688377380371,23.11604118347168,25.920000076293945,16,Barren or sparsely vegetated
0.02361111112549391,30.05972222221744,0.2642959214735822,-2.03335348321274,0.6693412340598356,"(-0.819,0.596]","(-2.07,-0.799]","(0.0889,1.52]","(-0.819,0.596] (-2.07,-0.799] (0.0889,1.52]",456.8706970214844,0.48146483302116394,68.81300354003906,23.111875534057617,25.979999542236328,16,Barren or sparsely vegetated
-0.06805555554118004,30.093055555550777,-0.1942010874959009,-1.5255912665846352,1.8957398932270977,"(-0.819,0.596]","(-2.07,-0.799]","(1.52,2.96]","(-0.819,0.596] (-2.07,-0.799] (1.52,2.96]",466.809326171875,0.6255962252616882,143.63211059570312,23.054433822631836,25.950000762939453,16,Barren or sparsely vegetated
-0.02083333331895404,30.07361111110633,0.3903081893046579,-2.071766378992112,-1.1946353392621845,"(-0.819,0.596]","(-3.35,-2.07]","(-1.34,0.0889]","(-0.819,0.596] (-3.35,-2.07] (-1.34,0.0889]",463.4191589355469,0.2247818112373352,2.2625789642333984,23.061458587646484,25.959999084472656,16,Barren or sparsely vegetated
-0.20694444443007998,30.0013888888841,0.11374966415873199,-2.076293975444347,1.2737603972710645,"(-0.819,0.596]","(-3.35,-2.07]","(0.0889,1.52]","(-0.819,0.596] (-3.35,-2.07] (0.0889,1.52]",476.3394470214844,0.5681857466697693,86.05303192138672,23.219417572021484,26.040000915527344,16,Barren or sparsely vegetated
-0.037499999985622035,30.08749999999522,-0.5091259396284888,-2.130231057483663,1.766261282915758,"(-0.819,0.596]","(-3.35,-2.07]","(1.52,2.96]","(-0.819,0.596] (-3.35,-2.07] (1.52,2.96]",473.0961608886719,0.6615899205207825,100.62936401367188,23.028213500976562,25.850000381469727,16,Barren or sparsely vegetated
-0.21249999998563596,29.93194444443965,0.42349395138885787,-3.341471324088538,4.21982802601465,"(-0.819,0.596]","(-3.35,-2.07]","(2.96,4.4]","(-0.819,0.596] (-3.35,-2.07] (2.96,4.4]",453.008056640625,1.053848147392273,104.5394287109375,23.368345260620117,26.280000686645508,16,Barren or sparsely vegetated
0.12083333334772389,30.054166666661885,0.3909182472919908,0.9181780317485619,-0.4750258888763174,"(-0.819,0.596]","(0.473,1.74]","(-1.34,0.0889]","(-0.819,0.596] (0.473,1.74] (-1.34,0.0889]",472.1955261230469,0.10530609637498856,220.0195770263672,23.0795841217041,25.950000762939453,16,Barren or sparsely vegetated
0.11527777779216786,30.19861111110634,-0.5132514279232296,1.3425429162718394,0.8800843781098062,"(-0.819,0.596]","(0.473,1.74]","(0.0889,1.52]","(-0.819,0.596] (0.473,1.74] (0.0889,1.52]",472.7311096191406,0.29052403569221497,295.1013488769531,22.835416793823242,25.739999771118164,16,Barren or sparsely vegetated
-0.17638888887452198,29.984722222217435,0.5303183976807406,0.5161561815397633,2.452578583090475,"(-0.819,0.596]","(0.473,1.74]","(1.52,2.96]","(-0.819,0.596] (0.473,1.74] (1.52,2.96]",458.9657897949219,0.5305135846138,294.0486145019531,23.258333206176758,26.100000381469727,16,Barren or sparsely vegetated
0.2069444444588418,30.21249999999523,-0.15776144332051154,1.819121520086555,-0.10785424252853855,"(-0.819,0.596]","(1.74,3.02]","(-1.34,0.0889]","(-0.819,0.596] (1.74,3.02] (-1.34,0.0889]",474.1415710449219,0.10865673422813416,291.2628173828125,22.839365005493164,25.84000015258789,16,Barren or sparsely vegetated
0.2625000000144018,30.137499999995224,-0.22414590375700705,1.8565665936385634,0.09376657814437232,"(-0.819,0.596]","(1.74,3.02]","(0.0889,1.52]","(-0.819,0.596] (1.74,3.02] (0.0889,1.52]",474.20721435546875,0.13634715974330902,301.37542724609375,22.920705795288086,25.739999771118164,16,Barren or sparsely vegetated
-0.01527777776339806,30.03472222221744,0.10284134267006621,1.791192610047046,1.7586800982962865,"(-0.819,0.596]","(1.74,3.02]","(1.52,2.96]","(-0.819,0.596] (1.74,3.02] (1.52,2.96]",471.6107177734375,0.35643255710601807,353.0675048828125,23.089494705200195,25.959999084472656,16,Barren or sparsely vegetated
0.22638888890328784,30.329166666661905,-2.011679256651403,-0.3399605739128414,0.05817555151335938,"(-2.23,-0.819]","(-0.799,0.473]","(-1.34,0.0889]","(-2.23,-0.819] (-0.799,0.473] (-1.34,0.0889]",514.52996826171875,0.344144731760025,159.10350036621094,22.578125,25.420000076293945,16,Barren or sparsely vegetated
-0.07083333331895802,30.26805555555079,-1.4165022464021608,-0.2908878337746476,-1.8129368262082566,"(-2.23,-0.819]","(-0.799,0.473]","(-2.79,-1.34]","(-2.23,-0.819] (-0.799,0.473] (-2.79,-1.34]",519.616943359375,0.06391628831624985,97.05027770996094,22.65610122680664,25.559999465942383,16,Barren or sparsely vegetated
-0.15972222220785398,30.2291666666619,-1.2547741825322898,0.015355786222217433,1.4945520180838376,"(-2.23,-0.819]","(-0.799,0.473]","(0.0889,1.52]","(-2.23,-0.819] (-0.799,0.473] (0.0889,1.52]",507.17236328125,0.4880087375640869,228.93707275390625,22.739999771118164,25.829999923706055,16,Barren or sparsely vegetated
-0.040277777763400024,30.248611111106346,-1.3071507282113266,0.12629858368036695,1.669558618276157,"(-2.23,-0.819]","(-0.799,0.473]","(1.52,2.96]","(-2.23,-0.819] (-0.799,0.473] (1.52,2.96]",494.5489196777344,0.5093488693237305,243.99302673339844,22.81977653503418,25.610000610351562,16,Barren or sparsely vegetated
-0.01249999998562007,30.251388888884122,-1.663456852563268,-0.5500286825548021,3.550583896533455,"(-2.23,-0.819]","(-0.799,0.473]","(2.96,4.4]","(-2.23,-0.819] (-0.799,0.473] (2.96,4.4]",501.0752258300781,0.824378490447998,263.635498046875,22.755361557006836,25.760000228881836,16,Barren or sparsely vegetated
0.08472222223660991,30.24027777777301,-1.1137612810927564,-1.1221392003682766,-0.5788129989282084,"(-2.23,-0.819]","(-2.07,-0.799]","(-1.34,0.0889]","(-2.23,-0.819] (-2.07,-0.799] (-1.34,0.0889]",501.4077453613281,0.2848769724369049,85.50535583496094,22.756567001342773,25.670000076293945,16,Barren or sparsely vegetated
0.15416666668105988,30.29861111110635,-1.058887834505361,-1.042613079226968,-1.5798316506711167,"(-2.23,-0.819]","(-2.07,-0.799]","(-2.79,-1.34]","(-2.23,-0.819] (-2.07,-0.799] (-2.79,-1.34]",497.79876708984375,0.14178864657878876,56.69682693481445,22.694629669189453,25.610000610351562,16,Barren or sparsely vegetated
0.22083333334773186,30.24305555555079,-0.8904425323726924,-0.9019834927879633,0.30695651599819795,"(-2.23,-0.819]","(-2.07,-0.799]","(0.0889,1.52]","(-2.23,-0.819] (-2.07,-0.799] (0.0889,1.52]",479.5057067871094,0.38615307211875916,130.51385498046875,22.759305953979492,25.690000534057617,16,Barren or sparsely vegetated
-0.06249999998562403,30.193055555550785,-1.4161424628357744,-2.060784207585621,1.864868211688149,"(-2.23,-0.819]","(-2.07,-0.799]","(1.52,2.96]","(-2.23,-0.819] (-2.07,-0.799] (1.52,2.96]",504.52142333984375,0.6947720050811768,108.01131439208984,22.817138671875,25.780000686645508,16,Barren or sparsely vegetated
-0.01249999998562007,30.26527777777301,-2.038371942812424,-0.9418183075709206,4.357991141016719,"(-2.23,-0.819]","(-2.07,-0.799]","(2.96,4.4]","(-2.23,-0.819] (-2.07,-0.799] (2.96,4.4]",508.0226135253906,0.9741674661636353,266.0523986816406,22.72380828857422,25.729999542236328,16,Barren or sparsely vegetated
0.2375000000143998,30.429166666661914,-2.19841282844375,-2.152404900015206,-0.6508060466127401,"(-2.23,-0.819]","(-3.35,-2.07]","(-1.34,0.0889]","(-2.23,-0.819] (-3.35,-2.07] (-1.34,0.0889]",510.30328369140625,0.3855111300945282,17.83517837524414,22.458036422729492,25.389999389648438,16,Barren or sparsely vegetated
-0.05694444443006805,30.320833333328572,-2.100582794780349,-2.0947992889776943,1.4254876749067695,"(-2.23,-0.819]","(-3.35,-2.07]","(0.0889,1.52]","(-2.23,-0.819] (-3.35,-2.07] (0.0889,1.52]",508.6017761230469,0.6608304381370544,92.1778335571289,22.61771011352539,25.520000457763672,16,Barren or sparsely vegetated
-0.16805555554118798,30.14305555555078,-1.3116026655342377,-2.716707316181683,2.924518872149788,"(-2.23,-0.819]","(-3.35,-2.07]","(1.52,2.96]","(-2.23,-0.819] (-3.35,-2.07] (1.52,2.96]",488.91973876953125,0.8863640427589417,102.78367614746094,22.935138702392578,25.739999771118164,16,Barren or sparsely vegetated
-0.001388888874508054,30.237499999995233,-1.517686662456451,-2.7078884037615536,3.0813401274216208,"(-2.23,-0.819]","(-3.35,-2.07]","(2.96,4.4]","(-2.23,-0.819] (-3.35,-2.07] (2.96,4.4]",492.5077209472656,0.9130996465682983,108.4005355834961,22.83104133605957,25.760000228881836,16,Barren or sparsely vegetated
-0.20972222220785797,30.262499999995235,-1.5427237605005224,0.6403715469999073,-0.10002449548186648,"(-2.23,-0.819]","(0.473,1.74]","(-1.34,0.0889]","(-2.23,-0.819] (0.473,1.74] (-1.34,0.0889]",521.32098388671875,0.23342490196228027,215.28431701660156,22.63886833190918,25.65999984741211,16,Barren or sparsely vegetated
-0.24027777776341594,30.431944444439694,-2.1869956618270696,0.9993586436464228,-1.4998261392379508,"(-2.23,-0.819]","(0.473,1.74]","(-2.79,-1.34]","(-2.23,-0.819] (0.473,1.74] (-2.79,-1.34]",535.50732421875,0.037169501185417175,191.86181640625,22.46169662475586,25.3700008392334,16,Barren or sparsely vegetated
0.15416666668105988,30.223611111106344,-0.881712284440046,1.6848432447990516,0.299341505347981,"(-2.23,-0.819]","(0.473,1.74]","(0.0889,1.52]","(-2.23,-0.819] (0.473,1.74] (0.0889,1.52]",489.9390563964844,0.19625814259052277,297.4122619628906,22.765832901000977,25.649999618530273,16,Barren or sparsely vegetated
0.01805555556993793,30.318055555550796,-1.640087745961049,0.5912948950893019,1.5610728105091216,"(-2.23,-0.819]","(0.473,1.74]","(1.52,2.96]","(-2.23,-0.819] (0.473,1.74] (1.52,2.96]",500.4156188964844,0.47115442156791687,270.34283447265625,22.668664932250977,25.559999465942383,16,Barren or sparsely vegetated
-0.20694444443007998,30.220833333328564,-1.120990295532377,1.7741395449944948,-0.2974655725707598,"(-2.23,-0.819]","(1.74,3.02]","(-1.34,0.0889]","(-2.23,-0.819] (1.74,3.02] (-1.34,0.0889]",507.7343444824219,0.11340959370136261,282.5323181152344,22.74916648864746,25.610000610351562,16,Barren or sparsely vegetated
-0.21527777776341395,30.345833333328574,-2.1130604712094625,2.0912935768747083,0.3686346685586859,"(-2.23,-0.819]","(1.74,3.02]","(0.0889,1.52]","(-2.23,-0.819] (1.74,3.02] (0.0889,1.52]",532.5523681640625,0.21039940416812897,325.87469482421875,22.520584106445312,25.489999771118164,16,Barren or sparsely vegetated
0.2375000000143998,30.306944444439683,-1.5970285405753395,1.9139611182474066,1.5932437804067192,"(-2.23,-0.819]","(1.74,3.02]","(1.52,2.96]","(-2.23,-0.819] (1.74,3.02] (1.52,2.96]",495.55120849609375,0.37990644574165344,357.5467834472656,22.661170959472656,25.479999542236328,16,Barren or sparsely vegetated
-0.19027777776341198,30.398611111106355,-2.483614525119776,-0.11163324572631388,-0.9751591639176903,"(-3.66,-2.23]","(-0.799,0.473]","(-1.34,0.0889]","(-3.66,-2.23] (-0.799,0.473] (-1.34,0.0889]",537.86309814453125,0.198615163564682,138.2278594970703,22.44269561767578,25.34000015258789,16,Barren or sparsely vegetated
-0.19861111109674595,30.484722222217474,-2.95195361372094,0.4145101817595784,-1.3629146762813729,"(-3.66,-2.23]","(-0.799,0.473]","(-2.79,-1.34]","(-3.66,-2.23] (-0.799,0.473] (-2.79,-1.34]",540.344482421875,0.12355087697505951,159.55316162109375,22.223005294799805,25.200000762939453,16,Barren or sparsely vegetated
-0.17638888887452198,30.362499999995244,-2.473696395802103,-0.6021291854946208,0.1892884808338349,"(-3.66,-2.23]","(-0.799,0.473]","(0.0889,1.52]","(-3.66,-2.23] (-0.799,0.473] (0.0889,1.52]",533.7052001953125,0.39257970452308655,145.88687133789062,22.46101188659668,25.450000762939453,16,Barren or sparsely vegetated
0.2375000000143998,30.47361111110636,-3.207799748806423,0.32395769911798855,1.794738018775564,"(-3.66,-2.23]","(-0.799,0.473]","(1.52,2.96]","(-3.66,-2.23] (-0.799,0.473] (1.52,2.96]",525.96917724609375,0.5721953511238098,262.9233703613281,22.342262268066406,25.149999618530273,16,Barren or sparsely vegetated
0.2375000000143998,30.462499999995252,-3.0750025178263396,-0.45451260125247217,3.0151103552748717,"(-3.66,-2.23]","(-0.799,0.473]","(2.96,4.4]","(-3.66,-2.23] (-0.799,0.473] (2.96,4.4]",522.17864990234375,0.7898105382919312,253.2150421142578,22.366134643554688,25.360000610351562,16,Barren or sparsely vegetated
0.25972222223662383,30.44861111110636,-2.4328769841165334,-1.5115365663275562,-0.28368608465801887,"(-3.66,-2.23]","(-2.07,-0.799]","(-1.34,0.0889]","(-3.66,-2.23] (-2.07,-0.799] (-1.34,0.0889]",522.12847900390625,0.3946757912635803,71.29595947265625,22.39720344543457,25.420000076293945,16,Barren or sparsely vegetated
-0.106944444430072,30.409722222217468,-2.26906238490042,-1.14189394313574,-1.6848084883894165,"(-3.66,-2.23]","(-2.07,-0.799]","(-2.79,-1.34]","(-3.66,-2.23] (-2.07,-0.799] (-2.79,-1.34]",527.86181640625,0.17084121704101562,47.393245697021484,22.43772315979004,25.360000610351562,16,Barren or sparsely vegetated
0.15694444445883787,30.426388888884137,-2.4861444975340814,-1.306292120578892,0.7892946040259758,"(-3.66,-2.23]","(-2.07,-0.799]","(0.0889,1.52]","(-3.66,-2.23] (-2.07,-0.799] (0.0889,1.52]",509.8492126464844,0.5309789776802063,122.5882797241211,22.479028701782227,25.299999237060547,16,Barren or sparsely vegetated
-0.11249999998562801,30.426388888884137,-3.1652363122959533,-1.6836299672036532,1.6071214944914531,"(-3.66,-2.23]","(-2.07,-0.799]","(1.52,2.96]","(-3.66,-2.23] (-2.07,-0.799] (1.52,2.96]",538.9193115234375,0.6866273880004883,125.08830261230469,22.373750686645508,25.360000610351562,16,Barren or sparsely vegetated
0.2375000000143998,30.42083333332858,-2.257194209884839,-2.1489721640754795,-0.665194923613596,"(-3.66,-2.23]","(-3.35,-2.07]","(-1.34,0.0889]","(-3.66,-2.23] (-3.35,-2.07] (-1.34,0.0889]",510.30328369140625,0.3855111300945282,17.83517837524414,22.458036422729492,25.350000381469727,16,Barren or sparsely vegetated
-0.27916666665230794,30.359722222217464,-2.586637746068686,-2.145972493719051,0.784817519351574,"(-3.66,-2.23]","(-3.35,-2.07]","(0.0889,1.52]","(-3.66,-2.23] (-3.35,-2.07] (0.0889,1.52]",532.79779052734375,0.5892643332481384,66.61702728271484,22.52347183227539,25.459999084472656,16,Barren or sparsely vegetated
0.17361111112550587,30.34861111110635,-2.4293297395121,-2.2093064925431607,1.914134597700443,"(-3.66,-2.23]","(-3.35,-2.07]","(1.52,2.96]","(-3.66,-2.23] (-3.35,-2.07] (1.52,2.96]",506.207275390625,0.7480388283729553,102.60567474365234,22.593334197998047,25.3700008392334,16,Barren or sparsely vegetated
-0.20416666665230196,30.43472222221747,-2.394004307830368,1.1949809018126443,-0.9457049132388934,"(-3.66,-2.23]","(0.473,1.74]","(-1.34,0.0889]","(-3.66,-2.23] (0.473,1.74] (-1.34,0.0889]",539.4652099609375,0.10465181618928909,223.3043670654297,22.408124923706055,25.3799991607666,16,Barren or sparsely vegetated
-0.26249999998563994,30.481944444439698,-2.898602937854872,0.5357310217035541,-1.3457127745089421,"(-3.66,-2.23]","(0.473,1.74]","(-2.79,-1.34]","(-3.66,-2.23] (0.473,1.74] (-2.79,-1.34]",543.3074951171875,0.11444296687841415,167.49696350097656,22.221874237060547,25.260000228881836,16,Barren or sparsely vegetated
-0.148611111096742,30.443055555550803,-3.182045399928738,1.3964966239649437,0.7236430734930925,"(-3.66,-2.23]","(0.473,1.74]","(0.0889,1.52]","(-3.66,-2.23] (0.473,1.74] (0.0889,1.52]",553.23504638671875,0.34192267060279846,293.80938720703125,22.300722122192383,25.290000915527344,16,Barren or sparsely vegetated
0.2736111111255138,30.462499999995252,-2.648913709531258,0.5532574355754606,2.558280960215496,"(-3.66,-2.23]","(0.473,1.74]","(1.52,2.96]","(-3.66,-2.23] (0.473,1.74] (1.52,2.96]",510.4252624511719,0.6426167488098145,302.8934631347656,22.41190528869629,25.3700008392334,16,Barren or sparsely vegetated
0.18472222223661783,30.40416666666191,-2.331680905541243,1.9159965413362998,-0.3280692693837506,"(-3.66,-2.23]","(1.74,3.02]","(-1.34,0.0889]","(-3.66,-2.23] (1.74,3.02] (-1.34,0.0889]",521.5826416015625,0.13892370462417603,292.5831298828125,22.458669662475586,25.229999542236328,16,Barren or sparsely vegetated
-0.12361111109674,30.356944444439687,-2.316658695679038,2.402208065280451,0.37138284631472945,"(-3.66,-2.23]","(1.74,3.02]","(0.0889,1.52]","(-3.66,-2.23] (1.74,3.02] (0.0889,1.52]",531.6968994140625,0.19589129090309143,346.7694091796875,22.47222137451172,25.3799991607666,16,Barren or sparsely vegetated
-0.18194444443007796,30.468055555550805,-3.2021464004117126,1.8164311911852475,1.6247339145292314,"(-3.66,-2.23]","(1.74,3.02]","(1.52,2.96]","(-3.66,-2.23] (1.74,3.02] (1.52,2.96]",548.92193603515625,0.435409814119339,351.44970703125,22.25634002685547,25.360000610351562,16,Barren or sparsely vegetated
0.06527777779216393,29.981944444439655,1.1097523695051401,-0.29431966774078605,-0.6197303480348809,"(0.596,2.01]","(-0.799,0.473]","(-1.34,0.0889]","(0.596,2.01] (-0.799,0.473] (-1.34,0.0889]",455.6971435546875,0.15091395378112793,135.67999267578125,23.207971572875977,26.18000030517578,16,Barren or sparsely vegetated
0.12361111112550188,30.009722222217437,0.9676723566315101,-0.661779536048469,-1.3796913680532574,"(0.596,2.01]","(-0.799,0.473]","(-2.79,-1.34]","(0.596,2.01] (-0.799,0.473] (-2.79,-1.34]",454.86578369140625,0.07951244711875916,86.7073745727539,23.16812515258789,26.049999237060547,16,Barren or sparsely vegetated
-0.19583333331896796,29.82361111110631,1.8455037762161293,0.3550855636970749,2.448904725790539,"(0.596,2.01]","(-0.799,0.473]","(1.52,2.96]","(0.596,2.01] (-0.799,0.473] (1.52,2.96]",432.6653137207031,0.5006558895111084,282.0414123535156,23.52166748046875,26.450000762939453,16,Barren or sparsely vegetated
-0.10138888887451603,29.96527777777299,0.6362901983100306,0.026750404082064465,3.2216814521143053,"(0.596,2.01]","(-0.799,0.473]","(2.96,4.4]","(0.596,2.01] (-0.799,0.473] (2.96,4.4]",454.03753662109375,0.6670072078704834,287.7544250488281,23.223947525024414,26.270000457763672,16,Barren or sparsely vegetated
-0.23472222220785993,29.887499999995203,1.7123572239471456,-0.87013164436743,-1.048936236680866,"(0.596,2.01]","(-2.07,-0.799]","(-1.34,0.0889]","(0.596,2.01] (-2.07,-0.799] (-1.34,0.0889]",445.9595642089844,0.11545447260141373,83.73474884033203,23.4217472076416,26.25,16,Barren or sparsely vegetated
-0.15138888887451998,29.998611111106325,0.8592384267600429,-1.6970517511789387,-1.6514640774184992,"(0.596,2.01]","(-2.07,-0.799]","(-2.79,-1.34]","(0.596,2.01] (-2.07,-0.799] (-2.79,-1.34]",459.5788269042969,0.12038813531398773,10.782343864440918,23.219621658325195,26,16,Barren or sparsely vegetated
-0.140277777763408,29.818055555550753,1.6878177074240979,-1.0830364555201724,0.7736541054003698,"(0.596,2.01]","(-2.07,-0.799]","(0.0889,1.52]","(0.596,2.01] (-2.07,-0.799] (0.0889,1.52]",439.1035461425781,0.3807465136051178,132.00103759765625,23.45325469970703,26.360000610351562,16,Barren or sparsely vegetated
-0.22638888887452596,29.834722222217422,1.653875489929841,-1.8639228609387353,1.7139013225451531,"(0.596,2.01]","(-2.07,-0.799]","(1.52,2.96]","(0.596,2.01] (-2.07,-0.799] (1.52,2.96]",435.17901611328125,0.5670903921127319,113.79170989990234,23.516368865966797,26.389999389648438,16,Barren or sparsely vegetated
-0.02083333331895404,30.076388888884107,0.6989195515689911,-2.089788774667082,-1.1190915050782524,"(0.596,2.01]","(-3.35,-2.07]","(-1.34,0.0889]","(0.596,2.01] (-3.35,-2.07] (-1.34,0.0889]",463.4191589355469,0.2247818112373352,2.2625789642333984,23.061458587646484,26.170000076293945,16,Barren or sparsely vegetated
-0.24027777776341594,29.759722222217416,1.9994305580460265,-2.414311498417096,0.6140368915092044,"(0.596,2.01]","(-3.35,-2.07]","(0.0889,1.52]","(0.596,2.01] (-3.35,-2.07] (0.0889,1.52]",440.07232666015625,0.444012850522995,39.844032287597656,23.6027774810791,26.479999542236328,16,Barren or sparsely vegetated
-0.21249999998563596,29.86527777777298,1.2883482421421326,-2.218149837261621,2.2984933832112535,"(0.596,2.01]","(-3.35,-2.07]","(1.52,2.96]","(0.596,2.01] (-3.35,-2.07] (1.52,2.96]",441.77423095703125,0.6836563348770142,111.12353515625,23.479400634765625,26.34000015258789,16,Barren or sparsely vegetated
-0.2513888888745279,29.784722222217418,1.248596448348685,-2.790840766103075,3.35487697939852,"(0.596,2.01]","(-3.35,-2.07]","(2.96,4.4]","(0.596,2.01] (-3.35,-2.07] (2.96,4.4]",441.6158447265625,0.8699715733528137,109.90711212158203,23.527183532714844,26.420000076293945,16,Barren or sparsely vegetated
0.24305555556995578,29.89583333332854,1.9838025973236029,0.4862180071372599,-0.4320865540843021,"(0.596,2.01]","(0.473,1.74]","(-1.34,0.0889]","(0.596,2.01] (0.473,1.74] (-1.34,0.0889]",425.92681884765625,0.0957571268081665,192.58116149902344,23.348962783813477,26.299999237060547,16,Barren or sparsely vegetated
-0.129166666652296,29.89583333332854,1.5462367803986914,1.4740642712459333,0.689680174506447,"(0.596,2.01]","(0.473,1.74]","(0.0889,1.52]","(0.596,2.01] (0.473,1.74] (0.0889,1.52]",444.14703369140625,0.1892927587032318,295.25543212890625,23.421388626098633,26.200000762939453,16,Barren or sparsely vegetated
-0.162499999985632,29.884722222217427,1.5758203953251293,1.3685316763127895,1.5715856777948642,"(0.596,2.01]","(0.473,1.74]","(1.52,2.96]","(0.596,2.01] (0.473,1.74] (1.52,2.96]",435.9142761230469,0.31822818517684937,319.5198669433594,23.542133331298828,26.1299991607666,16,Barren or sparsely vegetated
-0.05972222220784604,29.90694444443965,1.506423736253643,1.811768242356922,-0.11864957863206856,"(0.596,2.01]","(1.74,3.02]","(-1.34,0.0889]","(0.596,2.01] (1.74,3.02] (-1.34,0.0889]",454.6982421875,0.05361630395054817,288.55645751953125,23.32322120666504,26.260000228881836,16,Barren or sparsely vegetated
-0.20972222220785797,29.718055555550745,2.9765626654814716,-0.004214654466044108,-0.6740248697359242,"(2.01,3.43]","(-0.799,0.473]","(-1.34,0.0889]","(2.01,3.43] (-0.799,0.473] (-1.34,0.0889]",415.7032470703125,0.06555715948343277,151.3077850341797,23.630277633666992,26.56999969482422,16,Barren or sparsely vegetated
-0.05972222220784604,29.729166666661857,2.9544472094375887,-0.7328265185900149,-1.3962969811971448,"(2.01,3.43]","(-0.799,0.473]","(-2.79,-1.34]","(2.01,3.43] (-0.799,0.473] (-2.79,-1.34]",410.78082275390625,0.021980278193950653,80.22472381591797,23.623332977294922,26.469999313354492,16,Barren or sparsely vegetated
0.012500000014381951,29.731944444439637,2.6615063300248334,-0.4349321658883257,0.5315769620145726,"(2.01,3.43]","(-0.799,0.473]","(0.0889,1.52]","(2.01,3.43] (-0.799,0.473] (0.0889,1.52]",416.0069274902344,0.2716131806373596,164.9813995361328,23.61162757873535,26.549999237060547,16,Barren or sparsely vegetated
-0.21805555554119196,29.77083333332853,2.2657334816285712,0.2250404896079138,1.9737518394008575,"(2.01,3.43]","(-0.799,0.473]","(1.52,2.96]","(2.01,3.43] (-0.799,0.473] (1.52,2.96]",423.9335021972656,0.4325512647628784,257.212890625,23.60357093811035,26.510000228881836,16,Barren or sparsely vegetated
-0.05416666665229003,29.831944444439642,2.2397865413785816,-0.9799871147254707,-0.7768578800113687,"(2.01,3.43]","(-2.07,-0.799]","(-1.34,0.0889]","(2.01,3.43] (-2.07,-0.799] (-1.34,0.0889]",425.2679748535156,0.14590322971343994,85.6295166015625,23.471548080444336,26.3799991607666,16,Barren or sparsely vegetated
0.21805555556995387,29.8624999999952,2.3066894983848965,-0.9731611201715824,-1.7349428478671873,"(2.01,3.43]","(-2.07,-0.799]","(-2.79,-1.34]","(2.01,3.43] (-2.07,-0.799] (-2.79,-1.34]",422.0915222167969,0.013245518319308758,53.37347412109375,23.40027618408203,26.350000381469727,16,Barren or sparsely vegetated
-0.12083333331896201,29.734722222217414,2.5812954495670035,-0.9855085356387048,0.15380942651725632,"(2.01,3.43]","(-2.07,-0.799]","(0.0889,1.52]","(2.01,3.43] (-2.07,-0.799] (0.0889,1.52]",416.24420166015625,0.26267609000205994,116.60073852539062,23.576786041259766,26.520000457763672,16,Barren or sparsely vegetated
-0.25694444443008396,29.720833333328525,2.2085908266224004,-1.5245811423317261,1.8988200695399868,"(2.01,3.43]","(-2.07,-0.799]","(1.52,2.96]","(2.01,3.43] (-2.07,-0.799] (1.52,2.96]",424.2051086425781,0.5505980849266052,141.58016967773438,23.64638900756836,26.520000457763672,16,Barren or sparsely vegetated
-0.25972222220786195,29.75694444443964,2.355910236310163,-2.1934688615885864,-0.9537056387404238,"(2.01,3.43]","(-3.35,-2.07]","(-1.34,0.0889]","(2.01,3.43] (-3.35,-2.07] (-1.34,0.0889]",432.8021545410156,0.20406855642795563,0.8138418793678284,23.619722366333008,26.43000030517578,16,Barren or sparsely vegetated
-0.24861111109674994,29.762499999995192,2.431441178017902,-2.092047854255647,0.22045753078316274,"(2.01,3.43]","(-3.35,-2.07]","(0.0889,1.52]","(2.01,3.43] (-3.35,-2.07] (0.0889,1.52]",424.33026123046875,0.3554425537586212,47.43059158325195,23.647994995117188,26.5,16,Barren or sparsely vegetated
0.24583333334773377,29.818055555550753,2.276855757098481,0.48221357016583377,-0.31316565219254716,"(2.01,3.43]","(0.473,1.74]","(-1.34,0.0889]","(2.01,3.43] (0.473,1.74] (-1.34,0.0889]",416.10211181640625,0.10445918887853622,196.8391571044922,23.471071243286133,26.290000915527344,16,Barren or sparsely vegetated
-0.21805555554119196,29.731944444439637,2.782665298421116,0.5715929446001237,0.2868613404458599,"(2.01,3.43]","(0.473,1.74]","(0.0889,1.52]","(2.01,3.43] (0.473,1.74] (0.0889,1.52]",423.0583190917969,0.15982331335544586,221.03945922851562,23.616113662719727,26.610000610351562,16,Barren or sparsely vegetated
-0.21805555554119196,29.762499999995192,2.356829409251659,0.7161030157583143,1.642402797985375,"(2.01,3.43]","(0.473,1.74]","(1.52,2.96]","(2.01,3.43] (0.473,1.74] (1.52,2.96]",423.8644714355469,0.34893080592155457,277.6352844238281,23.607036590576172,26.5,16,Barren or sparsely vegetated
0.22361111112550985,29.876388888884094,2.0627458764229902,1.745559762037264,-0.2988441475126244,"(2.01,3.43]","(1.74,3.02]","(-1.34,0.0889]","(2.01,3.43] (1.74,3.02] (-1.34,0.0889]",423.2374267578125,0.02118854969739914,279.02386474609375,23.382291793823242,26.239999771118164,16,Barren or sparsely vegetated
-0.05694444443006805,29.82638888888409,2.1832315844124732,1.786467617721311,0.43913937018759513,"(2.01,3.43]","(1.74,3.02]","(0.0889,1.52]","(2.01,3.43] (1.74,3.02] (0.0889,1.52]",429.5323181152344,0.11289891600608826,306.0021667480469,23.467777252197266,26.3799991607666,16,Barren or sparsely vegetated
0.07916666668105388,29.912499999995205,1.3919493130799345,0.3354346554526778,0.21469978444599855,"(0.596,2.01]","(-0.799,0.473]","(0.0889,1.52]","(0.596,2.01] (-0.799,0.473] (0.0889,1.52]",444.1630859375,0.21171095967292786,205.11790466308594,23.30446434020996,26.219999313354492,16,Barren or sparsely vegetated
0.13194444445883585,30.01805555555077,1.0155298081223014,2.675171204348079,0.1035344311981874,"(0.596,2.01]","(1.74,3.02]","(0.0889,1.52]","(0.596,2.01] (1.74,3.02] (0.0889,1.52]",453.5374755859375,0.039050616323947906,353.0177001953125,23.147321701049805,26.079999923706055,16,Barren or sparsely vegetated
0.21805555556995387,29.751388888884083,2.8030683648105437,0.17125405377365888,-0.26205177741566493,"(2.01,3.43]","(-0.799,0.473]","(-1.34,0.0889]","(2.01,3.43] (-0.799,0.473] (-1.34,0.0889]",404.2309265136719,0.11789276450872421,178.11268615722656,23.603591918945312,26.40999984741211,16,Barren or sparsely vegetated
