x,y,Dim.1,Dim.2,Dim.3,dim1_bin,dim2_bin,dim3_bin,bin_string,elevation,slope,aspect,soiltemp,landcover,landcover_class
9790138.36062736,-323818.177723256,-0.8521094042739566,0.9960532152188875,-0.25131618193401195,"(-1.43,1.26]","(-0.988,2.97]","(-0.395,1.03]","(-1.43,1.26] (-0.988,2.97] (-0.395,1.03]",45.857337951660156,1.1950932741165161,335.16912841796875,24.787031173706055,15,Cropland/Natural vegetation mosaic
9758038.36062736,-336218.177723256,-1.0151647325865714,0.3468577321208029,-0.27071114227699594,"(-1.43,1.26]","(-0.988,2.97]","(-0.395,1.03]","(-1.43,1.26] (-0.988,2.97] (-0.395,1.03]",39.86342239379883,0.2624528408050537,234.55584716796875,25.1417293548584,15,Cropland/Natural vegetation mosaic
9781638.36062736,-361118.177723256,-0.776201342807618,0.21378413928310913,-0.2732720468837668,"(-1.43,1.26]","(-0.988,2.97]","(-0.395,1.03]","(-1.43,1.26] (-0.988,2.97] (-0.395,1.03]",95.27061462402344,1.345131754875183,213.0250701904297,25.0734920501709,15,Cropland/Natural vegetation mosaic
9754238.36062736,-338318.177723256,-0.8989554852963259,-0.3061723855361562,-0.2950609488047851,"(-1.43,1.26]","(-0.988,2.97]","(-0.395,1.03]","(-1.43,1.26] (-0.988,2.97] (-0.395,1.03]",44.10160827636719,1.0888887643814087,131.62025451660156,25.119871139526367,15,Cropland/Natural vegetation mosaic
9789638.36062736,-323918.177723256,-0.8798705070020497,0.8226971020423443,-0.2564151863199975,"(-1.43,1.26]","(-0.988,2.97]","(-0.395,1.03]","(-1.43,1.26] (-0.988,2.97] (-0.395,1.03]",44.35453414916992,0.8029040098190308,308.4832763671875,24.787031173706055,15,Cropland/Natural vegetation mosaic
9723138.36062736,-325318.177723256,-1.0500905780154548,-0.44451745782915053,4.610819122455737,"(-1.43,1.26]","(-0.988,2.97]","(3.86,5.28]","(-1.43,1.26] (-0.988,2.97] (3.86,5.28]",46.1533088684082,1.335770606994629,280.02880859375,25.250099182128906,13,Croplands
9760638.36062736,-345218.177723256,-1.2446738131916133,0.042188103219571095,4.630648565889228,"(-1.43,1.26]","(-0.988,2.97]","(3.86,5.28]","(-1.43,1.26] (-0.988,2.97] (3.86,5.28]",44.684471130371094,0.5357690453529358,356.8696594238281,25.59773826599121,13,Croplands
9725338.36062736,-322318.177723256,-1.2194354458455052,-0.035745505700084945,4.627341679570298,"(-1.43,1.26]","(-0.988,2.97]","(3.86,5.28]","(-1.43,1.26] (-0.988,2.97] (3.86,5.28]",36.05916976928711,0.17354156076908112,345.078857421875,25.354175567626953,13,Croplands
9722338.36062736,-327118.177723256,-0.979505382687926,-0.8369221891605603,4.5967174381429485,"(-1.43,1.26]","(-0.988,2.97]","(3.86,5.28]","(-1.43,1.26] (-0.988,2.97] (3.86,5.28]",55.29313659667969,1.9640555381774902,218.0599365234375,25.3222713470459,13,Croplands
9716338.36062736,-334618.177723256,-0.8848282785478292,-0.26142096137729476,4.615040760700732,"(-1.43,1.26]","(-0.988,2.97]","(3.86,5.28]","(-1.43,1.26] (-0.988,2.97] (3.86,5.28]",64.48028564453125,2.707648515701294,307.32379150390625,25.18487548828125,13,Croplands
9711038.36062736,-352618.177723256,-0.7814778233105178,-10.590366250448545,6.656693294146834,"(-1.43,1.26]","(-12.9,-8.9]","(5.28,6.7]","(-1.43,1.26] (-12.9,-8.9] (5.28,6.7]",141.51100158691406,1.0422427654266357,353.51776123046875,25.05190658569336,14,Urban and built-up
9710038.36062736,-353918.177723256,-0.6558700234288544,-10.553491028358092,6.658092987006012,"(-1.43,1.26]","(-12.9,-8.9]","(5.28,6.7]","(-1.43,1.26] (-12.9,-8.9] (5.28,6.7]",158.9109344482422,1.33281672000885,359.1607971191406,24.829282760620117,14,Urban and built-up
9719938.36062736,-343218.177723256,-0.9772572603078161,-12.304817491978845,6.594187357303468,"(-1.43,1.26]","(-12.9,-8.9]","(5.28,6.7]","(-1.43,1.26] (-12.9,-8.9] (5.28,6.7]",75.45805358886719,0.3254590928554535,85.7220687866211,25.30182456970215,14,Urban and built-up
9711538.36062736,-350118.177723256,-0.7594177837612259,-10.96496302529675,6.640955703000655,"(-1.43,1.26]","(-12.9,-8.9]","(5.28,6.7]","(-1.43,1.26] (-12.9,-8.9] (5.28,6.7]",127.3045883178711,1.7175593376159668,294.1031188964844,25.124435424804688,14,Urban and built-up
9710138.36062736,-354018.177723256,-0.5685915123533186,-12.284361459712247,6.598828056334578,"(-1.43,1.26]","(-12.9,-8.9]","(5.28,6.7]","(-1.43,1.26] (-12.9,-8.9] (5.28,6.7]",162.40855407714844,1.2884302139282227,88.670379638671875,24.829282760620117,14,Urban and built-up
9716438.36062736,-362918.177723256,-0.3204780471056398,-1.05194292561571,-0.31526959681110567,"(-1.43,1.26]","(-4.94,-0.988]","(-0.395,1.03]","(-1.43,1.26] (-4.94,-0.988] (-0.395,1.03]",151.43084716796875,1.6482387781143188,15.499408721923828,24.228506088256836,15,Cropland/Natural vegetation mosaic
9785538.36062736,-359718.177723256,0.3597725750322448,-1.0407169182208569,0.06395576233989712,"(-1.43,1.26]","(-4.94,-0.988]","(-0.395,1.03]","(-1.43,1.26] (-4.94,-0.988] (-0.395,1.03]",92.09214782714844,1.3814572095870972,1.5168886184692383,24.98027229309082,2,Evergreen Broadleaf forest
9725838.36062736,-332718.177723256,-0.6776051811613625,-1.0285317893134618,-0.32400835733032113,"(-1.43,1.26]","(-4.94,-0.988]","(-0.395,1.03]","(-1.43,1.26] (-4.94,-0.988] (-0.395,1.03]",54.62404251098633,2.997591972351074,16.722339630126953,25.106725692749023,15,Cropland/Natural vegetation mosaic
9721138.36062736,-336818.177723256,-1.0255164219650978,-2.227317419987194,4.552163151703001,"(-1.43,1.26]","(-4.94,-0.988]","(3.86,5.28]","(-1.43,1.26] (-4.94,-0.988] (3.86,5.28]",53.63517379760742,0.5602487325668335,2.230257272720337,25.29437255859375,13,Croplands
9715838.36062736,-330118.177723256,-1.062655553905055,-1.8090647133201165,4.566323018541639,"(-1.43,1.26]","(-4.94,-0.988]","(3.86,5.28]","(-1.43,1.26] (-4.94,-0.988] (3.86,5.28]",49.36394119262695,0.5360193848609924,67.59881591796875,25.313533782958984,13,Croplands
9721738.36062736,-346418.177723256,-0.9456431094019705,-2.21298295208373,4.554326885635845,"(-1.43,1.26]","(-4.94,-0.988]","(3.86,5.28]","(-1.43,1.26] (-4.94,-0.988] (3.86,5.28]",76.57373809814453,0.6173607707023621,4.607970237731934,25.207706451416016,13,Croplands
9713738.36062736,-335018.177723256,-0.7855259795358677,-1.6797133538214792,4.56388358149344,"(-1.43,1.26]","(-4.94,-0.988]","(3.86,5.28]","(-1.43,1.26] (-4.94,-0.988] (3.86,5.28]",51.574684143066406,2.9532222747802734,85.29191589355469,25.050689697265625,13,Croplands
9721938.36062736,-327218.177723256,-1.0742132473203327,-1.2193782414892154,4.584775922162186,"(-1.43,1.26]","(-4.94,-0.988]","(3.86,5.28]","(-1.43,1.26] (-4.94,-0.988] (3.86,5.28]",41.138641357421875,0.9845380783081055,159.2266845703125,25.3222713470459,13,Croplands
9761838.36062736,-353018.177723256,-1.2009565271717952,5.289451384832601,4.813472707481847,"(-1.43,1.26]","(2.97,6.94]","(3.86,5.28]","(-1.43,1.26] (2.97,6.94] (3.86,5.28]",52.36445236206055,0.24000437557697296,107.23906707763672,25.412883758544922,7,Open shrublands
9762338.36062736,-337518.177723256,-1.2728635384612916,6.075723245615778,4.838482300260062,"(-1.43,1.26]","(2.97,6.94]","(3.86,5.28]","(-1.43,1.26] (2.97,6.94] (3.86,5.28]",37.279502868652344,0.6813327670097351,229.51934814453125,25.54258155822754,7,Open shrublands
9761138.36062736,-343918.177723256,-1.252988978957508,4.662683294405314,4.7911181153885405,"(-1.43,1.26]","(2.97,6.94]","(3.86,5.28]","(-1.43,1.26] (2.97,6.94] (3.86,5.28]",40.23529815673828,0.37965118885040283,8.958230972290039,25.643754959106445,7,Open shrublands
9763238.36062736,-334318.177723256,-1.2514037221421244,6.375572361194096,4.846857164146347,"(-1.43,1.26]","(2.97,6.94]","(3.86,5.28]","(-1.43,1.26] (2.97,6.94] (3.86,5.28]",37.210182189941406,1.613307237625122,275.343505859375,25.6866397857666,7,Open shrublands
9692938.36062736,-343318.177723256,2.4219022320591073,1.058340235834246,0.10867942841131521,"(1.26,3.94]","(-0.988,2.97]","(-0.395,1.03]","(1.26,3.94] (-0.988,2.97] (-0.395,1.03]",235.36753845214844,13.629354476928711,318.2475280761719,22.14828109741211,2,Evergreen Broadleaf forest
9689338.36062736,-329118.177723256,3.273465803300265,-0.9758601977734587,0.06351405028607938,"(1.26,3.94]","(-0.988,2.97]","(-0.395,1.03]","(1.26,3.94] (-0.988,2.97] (-0.395,1.03]",462.8951110839844,9.474848747253418,7.0560784339904785,20.087059020996094,2,Evergreen Broadleaf forest
9696538.36062736,-367418.177723256,3.2327983532114404,-0.6039216411286058,0.10319308443142769,"(1.26,3.94]","(-0.988,2.97]","(-0.395,1.03]","(1.26,3.94] (-0.988,2.97] (-0.395,1.03]",664.562744140625,7.477546215057373,68.6197509765625,21.121339797973633,2,Evergreen Broadleaf forest
9701138.36062736,-352118.177723256,1.8132395413620568,0.9580294145693969,-0.2647342312924281,"(1.26,3.94]","(-0.988,2.97]","(-0.395,1.03]","(1.26,3.94] (-0.988,2.97] (-0.395,1.03]",416.4400939941406,16.518400192260742,316.00860595703125,22.84294891357422,15,Cropland/Natural vegetation mosaic
9699838.36062736,-346118.177723256,1.8290503758243908,0.2814747609391075,0.10731144085793529,"(1.26,3.94]","(-0.988,2.97]","(-0.395,1.03]","(1.26,3.94] (-0.988,2.97] (-0.395,1.03]",289.216552734375,6.288516044616699,205.03631591796875,22.613826751708984,2,Evergreen Broadleaf forest
9688938.36062736,-369718.177723256,3.0958803253410285,-0.3895081094422622,4.683952384968485,"(1.26,3.94]","(-0.988,2.97]","(3.86,5.28]","(1.26,3.94] (-0.988,2.97] (3.86,5.28]",1081.693603515625,3.0500235557556152,296.2884216308594,19.328798294067383,13,Croplands
9690938.36062736,-369318.177723256,3.2434027344887153,-0.16263812838660316,4.692270505353206,"(1.26,3.94]","(-0.988,2.97]","(3.86,5.28]","(1.26,3.94] (-0.988,2.97] (3.86,5.28]",1096.0545654296875,2.7140328884124756,332.3691101074219,18.796066284179688,13,Croplands
9689238.36062736,-369818.177723256,3.0332986330275005,-0.3228112783091012,4.690806275495152,"(1.26,3.94]","(-0.988,2.97]","(3.86,5.28]","(1.26,3.94] (-0.988,2.97] (3.86,5.28]",1094.026611328125,1.5730687379837036,308.4403991699219,19.201866149902344,13,Croplands
9690338.36062736,-369218.177723256,3.0158980843135956,-0.06029638728391985,4.701276219126941,"(1.26,3.94]","(-0.988,2.97]","(3.86,5.28]","(1.26,3.94] (-0.988,2.97] (3.86,5.28]",1098.1630859375,1.0459282398223877,350.1058654785156,19.098058700561523,13,Croplands
9688238.36062736,-369718.177723256,3.1991413569210834,-0.1717947709704513,4.681604862505479,"(1.26,3.94]","(-0.988,2.97]","(3.86,5.28]","(1.26,3.94] (-0.988,2.97] (3.86,5.28]",1046.66748046875,5.772311687469482,327.074462890625,19.45466423034668,13,Croplands
9687738.36062736,-369618.177723256,2.908772891699197,-11.333524990624207,6.690348081179112,"(1.26,3.94]","(-12.9,-8.9]","(5.28,6.7]","(1.26,3.94] (-12.9,-8.9] (5.28,6.7]",1018.043212890625,2.1680755615234375,244.3431396484375,19.45466423034668,14,Urban and built-up
9687838.36062736,-369418.177723256,2.8728746622074444,-11.259295118726953,6.6952651102964404,"(1.26,3.94]","(-12.9,-8.9]","(5.28,6.7]","(1.26,3.94] (-12.9,-8.9] (5.28,6.7]",1026.5235595703125,1.5576295852661133,256.67169189453125,19.45466423034668,14,Urban and built-up
9687838.36062736,-369618.177723256,2.8936072908417887,-11.297658682258435,6.692584167489913,"(1.26,3.94]","(-12.9,-8.9]","(5.28,6.7]","(1.26,3.94] (-12.9,-8.9] (5.28,6.7]",1021.6891479492188,1.9111090898513794,250.2554931640625,19.45466423034668,14,Urban and built-up
9696938.36062736,-345218.177723256,3.8331083506251153,-1.032946161566573,0.10048413735505587,"(1.26,3.94]","(-4.94,-0.988]","(-0.395,1.03]","(1.26,3.94] (-4.94,-0.988] (-0.395,1.03]",797.35595703125,5.633030414581299,4.975484371185303,19.604299545288086,2,Evergreen Broadleaf forest
9698038.36062736,-356418.177723256,1.7241525227248413,-1.0149631221065705,-0.30236092813345744,"(1.26,3.94]","(-4.94,-0.988]","(-0.395,1.03]","(1.26,3.94] (-4.94,-0.988] (-0.395,1.03]",544.77593994140625,8.418880462646484,17.532608032226562,22.120403289794922,15,Cropland/Natural vegetation mosaic
9709938.36062736,-369918.177723256,1.3890775759560574,-1.020290711031427,-0.29655637012820996,"(1.26,3.94]","(-4.94,-0.988]","(-0.395,1.03]","(1.26,3.94] (-4.94,-0.988] (-0.395,1.03]",527.65185546875,5.859283924102783,19.259918212890625,22.40794563293457,15,Cropland/Natural vegetation mosaic
9698138.36062736,-369018.177723256,1.5818477559188553,-1.1375981713038685,-0.2922240161994198,"(1.26,3.94]","(-4.94,-0.988]","(-0.395,1.03]","(1.26,3.94] (-4.94,-0.988] (-0.395,1.03]",586.76751708984375,3.7163829803466797,3.9115309715270996,21.59645652770996,15,Cropland/Natural vegetation mosaic
9700238.36062736,-367618.177723256,1.3063771298134768,-1.1463098228430428,-0.3029893562305669,"(1.26,3.94]","(-4.94,-0.988]","(-0.395,1.03]","(1.26,3.94] (-4.94,-0.988] (-0.395,1.03]",479.2303466796875,4.357626914978027,0.9482862949371338,21.91398048400879,15,Cropland/Natural vegetation mosaic
9690338.36062736,-368918.177723256,3.1005993799666736,-1.9816836004931024,4.634377031905973,"(1.26,3.94]","(-4.94,-0.988]","(3.86,5.28]","(1.26,3.94] (-4.94,-0.988] (3.86,5.28]",1085.8614501953125,0.627289354801178,50.16886901855469,18.910926818847656,13,Croplands
9690638.36062736,-369918.177723256,3.1763979746045954,-1.830367564540245,4.637912234674289,"(1.26,3.94]","(-4.94,-0.988]","(3.86,5.28]","(1.26,3.94] (-4.94,-0.988] (3.86,5.28]",1098.3173828125,1.943060278892517,72.4437255859375,19.098058700561523,13,Croplands
9691538.36062736,-369718.177723256,3.579831464819876,-1.2940672557484918,4.641511952594325,"(1.26,3.94]","(-4.94,-0.988]","(3.86,5.28]","(1.26,3.94] (-4.94,-0.988] (3.86,5.28]",1077.3531494140625,6.580651760101318,151.18170166015625,18.796066284179688,13,Croplands
9691538.36062736,-369518.177723256,3.3471121496952776,-1.8434004959128971,4.63250059994977,"(1.26,3.94]","(-4.94,-0.988]","(3.86,5.28]","(1.26,3.94] (-4.94,-0.988] (3.86,5.28]",1089.224853515625,3.1675162315368652,69.0939712524414,18.796066284179688,13,Croplands
9691938.36062736,-369418.177723256,3.8391531793941516,-1.2872014467826878,4.634652396023997,"(1.26,3.94]","(-4.94,-0.988]","(3.86,5.28]","(1.26,3.94] (-4.94,-0.988] (3.86,5.28]",1087.5550537109375,9.815035820007324,148.8035888671875,18.910430908203125,13,Croplands
9696438.36062736,-353718.177723256,2.0630737727599575,4.697432932234379,4.8134754435215275,"(1.26,3.94]","(2.97,6.94]","(3.86,5.28]","(1.26,3.94] (2.97,6.94] (3.86,5.28]",655.117919921875,8.426671028137207,11.58344554901123,21.210124969482422,7,Open shrublands
9696638.36062736,-353618.177723256,2.595912703793961,4.67986308709003,4.7912312661737255,"(1.26,3.94]","(2.97,6.94]","(3.86,5.28]","(1.26,3.94] (2.97,6.94] (3.86,5.28]",622.9676513671875,15.638598442077637,0.7903195023536682,21.210124969482422,7,Open shrublands
9696438.36062736,-353518.177723256,1.7440594688634945,4.862905865976614,4.8212316742918375,"(1.26,3.94]","(2.97,6.94]","(3.86,5.28]","(1.26,3.94] (2.97,6.94] (3.86,5.28]",607.49932861328125,5.962318420410156,39.75126266479492,21.210124969482422,7,Open shrublands
9696538.36062736,-353618.177723256,2.6554283295623087,4.758574608116389,4.792469003263644,"(1.26,3.94]","(2.97,6.94]","(3.86,5.28]","(1.26,3.94] (2.97,6.94] (3.86,5.28]",626.0179443359375,16.315332412719727,12.385625839233398,21.210124969482422,7,Open shrublands
9691038.36062736,-332718.177723256,5.381866047118843,0.01628167087984052,0.12534106969025327,"(3.94,6.62]","(-0.988,2.97]","(-0.395,1.03]","(3.94,6.62] (-0.988,2.97] (-0.395,1.03]",980.0458984375,14.520774841308594,161.19204711914062,18.044939041137695,2,Evergreen Broadleaf forest
9690138.36062736,-353818.177723256,6.0920877545059104,-0.6551678799172281,0.1262357294082279,"(3.94,6.62]","(-0.988,2.97]","(-0.395,1.03]","(3.94,6.62] (-0.988,2.97] (-0.395,1.03]",1203.7779541015625,11.157354354858398,62.013614654541016,16.443140029907227,2,Evergreen Broadleaf forest
9692638.36062736,-345018.177723256,4.588227193975138,1.0031459437512202,0.11016848425259455,"(3.94,6.62]","(-0.988,2.97]","(-0.395,1.03]","(3.94,6.62] (-0.988,2.97] (-0.395,1.03]",599.147705078125,22.51293182373047,303.3662109375,20.02010726928711,2,Evergreen Broadleaf forest
9694638.36062736,-326118.177723256,4.972045692624874,0.5545687635515258,0.02895882906753173,"(3.94,6.62]","(-0.988,2.97]","(-0.395,1.03]","(3.94,6.62] (-0.988,2.97] (-0.395,1.03]",284.5075378417969,37.685733795166016,214.2314453125,20.75004005432129,2,Evergreen Broadleaf forest
9692338.36062736,-352318.177723256,5.192986578867094,-0.4326884194983168,0.09009493521134744,"(3.94,6.62]","(-0.988,2.97]","(-0.395,1.03]","(3.94,6.62] (-0.988,2.97] (-0.395,1.03]",835.67266845703125,17.740190505981445,86.27448272705078,18.599401473999023,2,Evergreen Broadleaf forest
9691738.36062736,-369218.177723256,4.172947492581327,-0.5753988283644229,4.653642805459689,"(3.94,6.62]","(-0.988,2.97]","(3.86,5.28]","(3.94,6.62] (-0.988,2.97] (3.86,5.28]",1124.254150390625,13.24916934967041,256.6367492675781,18.910430908203125,13,Croplands
9691638.36062736,-369218.177723256,4.053783943173765,-0.47745542658264845,4.654851410897308,"(3.94,6.62]","(-0.988,2.97]","(3.86,5.28]","(3.94,6.62] (-0.988,2.97] (3.86,5.28]",1088.4202880859375,12.825599670410156,272.1311950683594,18.910430908203125,13,Croplands
9691738.36062736,-369018.177723256,4.558842913834174,-0.6192181204217,4.643061399328221,"(3.94,6.62]","(-0.988,2.97]","(3.86,5.28]","(3.94,6.62] (-0.988,2.97] (3.86,5.28]",1134.8443603515625,16.878938674926758,245.99472045898438,18.714391708374023,13,Croplands
9691638.36062736,-368818.177723256,4.930843495272579,-0.5034412828230732,4.633640308006277,"(3.94,6.62]","(-0.988,2.97]","(3.86,5.28]","(3.94,6.62] (-0.988,2.97] (3.86,5.28]",1124.1968994140625,21.67632484436035,258.8221130371094,18.714391708374023,13,Croplands
9691638.36062736,-368718.177723256,4.791487702849937,-0.5627324702344401,4.638094830658729,"(3.94,6.62]","(-0.988,2.97]","(3.86,5.28]","(3.94,6.62] (-0.988,2.97] (3.86,5.28]",1137.272216796875,19.630252838134766,251.8669891357422,18.714391708374023,13,Croplands
9688238.36062736,-352718.177723256,5.039975032070827,-1.003615704668884,0.12171215114591247,"(3.94,6.62]","(-4.94,-0.988]","(-0.395,1.03]","(3.94,6.62] (-4.94,-0.988] (-0.395,1.03]",1071.0567626953125,4.536792278289795,13.484942436218262,17.209136962890625,2,Evergreen Broadleaf forest
9690438.36062736,-352418.177723256,4.661977823920535,-1.0443529619671694,0.11551917174334647,"(3.94,6.62]","(-4.94,-0.988]","(-0.395,1.03]","(3.94,6.62] (-4.94,-0.988] (-0.395,1.03]",998.90875244140625,4.9022955894470215,5.936704635620117,18.073936462402344,2,Evergreen Broadleaf forest
9693838.36062736,-367618.177723256,4.373515824489977,-1.0190588380449712,0.12958700306773632,"(3.94,6.62]","(-4.94,-0.988]","(-0.395,1.03]","(3.94,6.62] (-4.94,-0.988] (-0.395,1.03]",1052.6446533203125,2.60140323638916,12.592131614685059,18.80817985534668,2,Evergreen Broadleaf forest
9693338.36062736,-366418.177723256,5.096965606961214,-1.0193943129837963,0.11978522910091756,"(3.94,6.62]","(-4.94,-0.988]","(-0.395,1.03]","(3.94,6.62] (-4.94,-0.988] (-0.395,1.03]",1104.4913330078125,7.284631729125977,8.072379112243652,18.05970573425293,2,Evergreen Broadleaf forest
9692938.36062736,-352718.177723256,4.871999577911655,-0.9937337804291462,0.09466020436776158,"(3.94,6.62]","(-4.94,-0.988]","(-0.395,1.03]","(3.94,6.62] (-4.94,-0.988] (-0.395,1.03]",908.37274169921875,10.759698867797852,6.749499320983887,18.34061050415039,2,Evergreen Broadleaf forest
9691838.36062736,-368718.177723256,4.21038860124659,-1.7698272536257538,4.617484824779087,"(3.94,6.62]","(-4.94,-0.988]","(3.86,5.28]","(3.94,6.62] (-4.94,-0.988] (3.86,5.28]",1144.7423095703125,11.787440299987793,71.7174301147461,18.714391708374023,13,Croplands
9691838.36062736,-368618.177723256,4.363889112995454,-1.8699382310777366,4.607108314254976,"(3.94,6.62]","(-4.94,-0.988]","(3.86,5.28]","(3.94,6.62] (-4.94,-0.988] (3.86,5.28]",1130.26904296875,13.947858810424805,53.620849609375,18.714391708374023,13,Croplands
9691838.36062736,-368818.177723256,4.1245674105847625,-1.6920266136343485,4.623194319898135,"(3.94,6.62]","(-4.94,-0.988]","(3.86,5.28]","(3.94,6.62] (-4.94,-0.988] (3.86,5.28]",1147.74609375,10.726377487182617,85.04969787597656,18.714391708374023,13,Croplands
9687038.36062736,-334018.177723256,6.833197157497884,0.10789705881222901,0.056579306396359864,"(6.62,9.3]","(-0.988,2.97]","(-0.395,1.03]","(6.62,9.3] (-0.988,2.97] (-0.395,1.03]",815.97650146484375,36.59814453125,150.3525390625,18.141292572021484,2,Evergreen Broadleaf forest
9692738.36062736,-360118.177723256,7.952791872755984,0.2322614778211583,0.10152643026021849,"(6.62,9.3]","(-0.988,2.97]","(-0.395,1.03]","(6.62,9.3] (-0.988,2.97] (-0.395,1.03]",1198.94091796875,31.372591018676758,179.039306640625,15.672176361083984,2,Evergreen Broadleaf forest
9686838.36062736,-361118.177723256,7.899398126332536,0.5506601682375148,0.1855484135774556,"(6.62,9.3]","(-0.988,2.97]","(-0.395,1.03]","(6.62,9.3] (-0.988,2.97] (-0.395,1.03]",1556.98828125,12.732515335083008,252.38827514648438,13.159200668334961,2,Evergreen Broadleaf forest
9689538.36062736,-328118.177723256,6.670284871742596,0.040819610887144156,0.04295775725410407,"(6.62,9.3]","(-0.988,2.97]","(-0.395,1.03]","(6.62,9.3] (-0.988,2.97] (-0.395,1.03]",777.20501708984375,41.739990234375,133.53517150878906,19.897485733032227,2,Evergreen Broadleaf forest
9688338.36062736,-360918.177723256,7.563489137728926,0.11062233997494493,0.16049701878875258,"(6.62,9.3]","(-0.988,2.97]","(-0.395,1.03]","(6.62,9.3] (-0.988,2.97] (-0.395,1.03]",1436.0777587890625,12.632616996765137,182.71018981933594,13.441401481628418,2,Evergreen Broadleaf forest
9687338.36062736,-355018.177723256,7.638407706060805,-1.017896953321128,0.11237898615416261,"(6.62,9.3]","(-4.94,-0.988]","(-0.395,1.03]","(6.62,9.3] (-4.94,-0.988] (-0.395,1.03]",1420.8223876953125,16.919023513793945,1.2676727771759033,14.48748779296875,2,Evergreen Broadleaf forest
9688038.36062736,-359718.177723256,7.853086547719126,-1.023288196580655,0.17706281326419157,"(6.62,9.3]","(-4.94,-0.988]","(-0.395,1.03]","(6.62,9.3] (-4.94,-0.988] (-0.395,1.03]",1796.28564453125,2.6922643184661865,19.218334197998047,12.507315635681152,2,Evergreen Broadleaf forest
9687038.36062736,-355518.177723256,7.2461534455508465,-1.0351152991883712,0.13022595225888667,"(6.62,9.3]","(-4.94,-0.988]","(-0.395,1.03]","(6.62,9.3] (-4.94,-0.988] (-0.395,1.03]",1459.941650390625,11.184852600097656,5.077652454376221,14.48748779296875,2,Evergreen Broadleaf forest
9691138.36062736,-355918.177723256,8.111785459677233,-0.9999638386803554,0.11446500525357266,"(6.62,9.3]","(-4.94,-0.988]","(-0.395,1.03]","(6.62,9.3] (-4.94,-0.988] (-0.395,1.03]",1506.294677734375,18.82895278930664,2.7755184173583984,14.053868293762207,2,Evergreen Broadleaf forest
9688938.36062736,-358018.177723256,8.642690712175977,-1.0262263831842147,0.1405516687223486,"(6.62,9.3]","(-4.94,-0.988]","(-0.395,1.03]","(6.62,9.3] (-4.94,-0.988] (-0.395,1.03]",1700.0181884765625,12.623746871948242,7.439782619476318,11.917142868041992,2,Evergreen Broadleaf forest
9690938.36062736,-357118.177723256,9.545606453182925,1.131065355489378,0.1370801122525468,"(9.3,12]","(-0.988,2.97]","(-0.395,1.03]","(9.3,12] (-0.988,2.97] (-0.395,1.03]",1475.6805419921875,37.022605895996094,316.0560302734375,13.76865005493164,2,Evergreen Broadleaf forest
9689238.36062736,-357418.177723256,9.864940331232798,-0.13154580550725906,0.14423826983891866,"(9.3,12]","(-0.988,2.97]","(-0.395,1.03]","(9.3,12] (-0.988,2.97] (-0.395,1.03]",1789.4613037109375,26.702621459960938,132.6480712890625,12.292060852050781,2,Evergreen Broadleaf forest
9691538.36062736,-356018.177723256,9.311596953967994,-0.234430353265762,0.07159756434536342,"(9.3,12]","(-0.988,2.97]","(-0.395,1.03]","(9.3,12] (-0.988,2.97] (-0.395,1.03]",1312.7152099609375,38.729129791259766,99.436492919921875,14.053868293762207,2,Evergreen Broadleaf forest
9688838.36062736,-357018.177723256,9.760712573011624,-0.6176292678569424,0.17106110491751375,"(9.3,12]","(-0.988,2.97]","(-0.395,1.03]","(9.3,12] (-0.988,2.97] (-0.395,1.03]",2010.7799072265625,16.782215118408203,69.28559112548828,11.55739974975586,2,Evergreen Broadleaf forest
9688638.36062736,-357118.177723256,10.453154829157386,0.5817889396213318,0.1915031611300361,"(9.3,12]","(-0.988,2.97]","(-0.395,1.03]","(9.3,12] (-0.988,2.97] (-0.395,1.03]",2025.484130859375,25.367408752441406,247.60169982910156,11.55739974975586,2,Evergreen Broadleaf forest
9689838.36062736,-358218.177723256,9.356158220188856,-1.0023124122455829,0.1436335512878569,"(9.3,12]","(-4.94,-0.988]","(-0.395,1.03]","(9.3,12] (-4.94,-0.988] (-0.395,1.03]",1851.3074951171875,17.01543617248535,7.597114562988281,11.869778633117676,2,Evergreen Broadleaf forest
9688738.36062736,-358518.177723256,9.312993404506496,-1.0082902623781556,0.1670520166761203,"(9.3,12]","(-4.94,-0.988]","(-0.395,1.03]","(9.3,12] (-4.94,-0.988] (-0.395,1.03]",1992.5849609375,12.932717323303223,12.146149635314941,11.917142868041992,2,Evergreen Broadleaf forest
9688938.36062736,-356918.177723256,10.08960749840343,-1.0091008184855217,0.13979427590557084,"(9.3,12]","(-4.94,-0.988]","(-0.395,1.03]","(9.3,12] (-4.94,-0.988] (-0.395,1.03]",1959.7608642578125,21.83726692199707,2.233863115310669,11.55739974975586,2,Evergreen Broadleaf forest
9708238.36062736,-338218.177723256,-0.6348616399770245,-1.0275795767511358,-0.3193135624129727,"(-1.43,1.26]","(-4.94,-0.988]","(-0.395,1.03]","(-1.43,1.26] (-4.94,-0.988] (-0.395,1.03]",75.941375732421875,1.4096382856369019,18.871091842651367,24.664575576782227,15,Cropland/Natural vegetation mosaic
9761638.36062736,-336418.177723256,-1.1886297161193173,5.962680382734543,4.833340459766928,"(-1.43,1.26]","(2.97,6.94]","(3.86,5.28]","(-1.43,1.26] (2.97,6.94] (3.86,5.28]",38.928009033203125,1.0224649906158447,211.5356903076172,25.382122039794922,7,Open shrublands
9723138.36062736,-354818.177723256,-0.5287719319984382,-1.1084729034046592,-0.32512101524405523,"(-1.43,1.26]","(-4.94,-0.988]","(-0.395,1.03]","(-1.43,1.26] (-4.94,-0.988] (-0.395,1.03]",85.92192840576172,3.2246108055114746,4.272769927978516,24.910720825195312,15,Cropland/Natural vegetation mosaic
