x,y,Dim.1,Dim.2,Dim.3,dim1_bin,dim2_bin,dim3_bin,bin_string,elevation,slope,aspect,soiltemp,macroclimate,landcover,landcover_class
4377019.08128998,-2288581.74676982,-0.7286485272511554,1.370310769437702,0.6876437105082764,"(-1.78,-0.372]","(0.18,2.01]","(0.266,1.66]","(-1.78,-0.372] (0.18,2.01] (0.266,1.66]",1109.6729736328125,5.665517330169678,336.9450378417969,17.92442512512207,18.51676368713379,5,Mixed forest
4385319.08128998,-2279381.74676982,-1.8310927922009896,-0.055787659859334544,-0.14232044056567925,"(-3.19,-1.78]","(-1.65,0.18]","(-1.13,0.266]","(-3.19,-1.78] (-1.65,0.18] (-1.13,0.266]",1160.3099365234375,2.653430223464966,177.95974731445312,15.287603378295898,17.768583297729492,2,Evergreen Broadleaf forest
4384819.08128998,-2299881.74676982,-1.1844893547368947,-0.20884796947829856,-0.2353447520547938,"(-1.78,-0.372]","(-1.65,0.18]","(-1.13,0.266]","(-1.78,-0.372] (-1.65,0.18] (-1.13,0.266]",1116.820556640625,4.066967964172363,154.24612426757812,16.534461975097656,18.28028106689453,2,Evergreen Broadleaf forest
4387419.08128998,-2279181.74676982,-2.2479585926311088,-0.5043332540704843,-0.7076833073595017,"(-3.19,-1.78]","(-1.65,0.18]","(-1.13,0.266]","(-3.19,-1.78] (-1.65,0.18] (-1.13,0.266]",1238.77734375,3.964158058166504,86.38666534423828,14.56707763671875,17.540241241455078,2,Evergreen Broadleaf forest
4381819.08128998,-2299181.74676982,-0.10305647098767369,0.5663542039856955,0.48942504571636425,"(-0.372,1.04]","(0.18,2.01]","(0.266,1.66]","(-0.372,1.04] (0.18,2.01] (0.266,1.66]",1108.8565673828125,6.0461602210998535,318.1614990234375,17.158233642578125,18.36315155029297,15,Cropland/Natural vegetation mosaic
4390619.08128998,-2280881.74676982,-2.0294635113846033,-0.9281363853933249,-0.5163805541484144,"(-3.19,-1.78]","(-1.65,0.18]","(-1.13,0.266]","(-3.19,-1.78] (-1.65,0.18] (-1.13,0.266]",1188.4637451171875,8.491769790649414,101.056396484375,14.892827987670898,17.735313415527344,2,Evergreen Broadleaf forest
4406919.08128998,-2302681.74676982,3.3137879685657845,-0.5135930594160437,-0.10571636259845556,"(2.44,3.86]","(-1.65,0.18]","(-1.13,0.266]","(2.44,3.86] (-1.65,0.18] (-1.13,0.266]",436.3389892578125,10.932219505310059,170.42970275878906,20.559188842773438,21.432209014892578,15,Cropland/Natural vegetation mosaic
4387719.08128998,-2303981.74676982,-2.0097322844427508,-0.28646400102087566,-0.030812505112125167,"(-3.19,-1.78]","(-1.65,0.18]","(-1.13,0.266]","(-3.19,-1.78] (-1.65,0.18] (-1.13,0.266]",1168.0567626953125,4.794339656829834,189.716552734375,14.755006790161133,17.80915069580078,2,Evergreen Broadleaf forest
4365519.08128998,-2278381.74676982,-2.2507160550694976,0.8645719720471102,0.8187533473809351,"(-3.19,-1.78]","(0.18,2.01]","(0.266,1.66]","(-3.19,-1.78] (0.18,2.01] (0.266,1.66]",1444.8447265625,2.164097785949707,80.89064025878906,15.366220474243164,16.979421615600586,4,Deciduous broadleaf forest
4388719.08128998,-2292781.74676982,-1.506648561333942,-1.1780052633247453,-1.0042532136860538,"(-1.78,-0.372]","(-1.65,0.18]","(-1.13,0.266]","(-1.78,-0.372] (-1.65,0.18] (-1.13,0.266]",1102.5364990234375,8.380539894104004,17.784116744995117,15.50865650177002,18.129554748535156,2,Evergreen Broadleaf forest
4371219.08128998,-2289281.74676982,-0.9607208499675767,0.40172366277292954,-0.2826270516738321,"(-1.78,-0.372]","(0.18,2.01]","(-1.13,0.266]","(-1.78,-0.372] (0.18,2.01] (-1.13,0.266]",1165.9456787109375,9.934033393859863,170.03355407714844,17.62100601196289,18.33091926574707,5,Mixed forest
4384719.08128998,-2277581.74676982,-2.0175606674067312,-0.17048112958177272,0.4696369477917883,"(-3.19,-1.78]","(-1.65,0.18]","(0.266,1.66]","(-3.19,-1.78] (-1.65,0.18] (0.266,1.66]",1186.024658203125,6.442316055297852,266.5481872558594,15.119216918945312,17.70528221130371,2,Evergreen Broadleaf forest
4399119.08128998,-2297681.74676982,3.480426501033237,-0.1349230655505469,-0.4591509207140383,"(2.44,3.86]","(-1.65,0.18]","(-1.13,0.266]","(2.44,3.86] (-1.65,0.18] (-1.13,0.266]",399.8132019042969,5.727385997772217,127.21015167236328,20.510921478271484,21.57621955871582,15,Cropland/Natural vegetation mosaic
4382819.08128998,-2300281.74676982,-0.9284589195268608,0.25624579148198773,-1.3481587992371127,"(-1.78,-0.372]","(0.18,2.01]","(-2.52,-1.13]","(-1.78,-0.372] (0.18,2.01] (-2.52,-1.13]",1099.11328125,5.5901947021484375,9.084342956542969,16.950096130371094,18.370588302612305,5,Mixed forest
4396419.08128998,-2294181.74676982,2.4737258437104677,0.501463266686313,0.7405977695472097,"(2.44,3.86]","(0.18,2.01]","(0.266,1.66]","(2.44,3.86] (0.18,2.01] (0.266,1.66]",600.557861328125,6.139150142669678,330.0464172363281,19.625205993652344,20.793649673461914,15,Cropland/Natural vegetation mosaic
4375119.08128998,-2276681.74676982,-1.7388006019852646,-0.9266038552892453,0.6747382144213486,"(-1.78,-0.372]","(-1.65,0.18]","(0.266,1.66]","(-1.78,-0.372] (-1.65,0.18] (0.266,1.66]",1209.9141845703125,14.929409980773926,273.6563415527344,16.260156631469727,17.843061447143555,2,Evergreen Broadleaf forest
4368019.08128998,-2275481.74676982,-2.560472013761592,-0.37516966456110373,-0.10612752480299939,"(-3.19,-1.78]","(-1.65,0.18]","(-1.13,0.266]","(-3.19,-1.78] (-1.65,0.18] (-1.13,0.266]",1428.2623291015625,7.57342529296875,181.17218017578125,15.712093353271484,16.89444351196289,2,Evergreen Broadleaf forest
4369019.08128998,-2284581.74676982,-0.16616371804445135,1.8759182137803612,-2.2587125662782723,"(-0.372,1.04]","(0.18,2.01]","(-2.52,-1.13]","(-0.372,1.04] (0.18,2.01] (-2.52,-1.13]",1076.9676513671875,4.433238983154297,26.50282096862793,18.38668441772461,18.817401885986328,13,Croplands
4383419.08128998,-2275081.74676982,-2.018370202206141,-0.13728342536095314,0.9074950716316913,"(-3.19,-1.78]","(-1.65,0.18]","(0.266,1.66]","(-3.19,-1.78] (-1.65,0.18] (0.266,1.66]",1191.8245849609375,8.161626815795898,331.8561096191406,15.187141418457031,17.77913475036621,2,Evergreen Broadleaf forest
4398219.08128998,-2292581.74676982,2.731441424459089,0.6523671664199775,0.6241275305418089,"(2.44,3.86]","(0.18,2.01]","(0.266,1.66]","(2.44,3.86] (0.18,2.01] (0.266,1.66]",534.4019775390625,3.9986443519592285,314.68780517578125,19.761661529541016,20.990066528320312,15,Cropland/Natural vegetation mosaic
4393419.08128998,-2287881.74676982,1.4078267104933977,-0.3407053360914794,0.5054123800995228,"(1.04,2.44]","(-1.65,0.18]","(0.266,1.66]","(1.04,2.44] (-1.65,0.18] (0.266,1.66]",588.8763427734375,7.136011123657227,236.20603942871094,19.260135650634766,20.600120544433594,2,Evergreen Broadleaf forest
4376319.08128998,-2281681.74676982,0.20928031493735252,-0.2138768897118441,-0.8755341878113071,"(-0.372,1.04]","(-1.65,0.18]","(-1.13,0.266]","(-0.372,1.04] (-1.65,0.18] (-1.13,0.266]",1103.926513671875,7.175858974456787,93.376129150390625,17.792593002319336,18.454219818115234,15,Cropland/Natural vegetation mosaic
4370519.08128998,-2292881.74676982,0.4937959072801389,-0.311618203049653,-1.3180526596234607,"(-0.372,1.04]","(-1.65,0.18]","(-2.52,-1.13]","(-0.372,1.04] (-1.65,0.18] (-2.52,-1.13]",1094.236328125,6.174630641937256,23.037982940673828,18.216739654541016,18.721412658691406,15,Cropland/Natural vegetation mosaic
4394619.08128998,-2273281.74676982,0.15171540617518697,-1.4640454266160556,0.844326283456627,"(-0.372,1.04]","(-1.65,0.18]","(0.266,1.66]","(-0.372,1.04] (-1.65,0.18] (0.266,1.66]",707.095703125,18.045242309570312,266.97686767578125,17.26796531677246,19.704336166381836,2,Evergreen Broadleaf forest
4363319.08128998,-2292081.74676982,-0.3058625723307371,-0.1599100998785735,1.7402080415202785,"(-0.372,1.04]","(-1.65,0.18]","(1.66,3.06]","(-0.372,1.04] (-1.65,0.18] (1.66,3.06]",1109.8096923828125,15.017786979675293,171.03421020507812,18.064510345458984,18.748876571655273,4,Deciduous broadleaf forest
4394319.08128998,-2283081.74676982,0.2166394431635366,-2.0036910806636974,-0.24193741584214035,"(-0.372,1.04]","(-3.47,-1.65]","(-1.13,0.266]","(-0.372,1.04] (-3.47,-1.65] (-1.13,0.266]",641.831298828125,17.2308406829834,91.98644256591797,16.78723907470703,19.750713348388672,2,Evergreen Broadleaf forest
4390119.08128998,-2301181.74676982,0.9305651116592302,-1.9758626859134902,-1.1370814113281742,"(-0.372,1.04]","(-3.47,-1.65]","(-2.52,-1.13]","(-0.372,1.04] (-3.47,-1.65] (-2.52,-1.13]",810.998046875,19.48217010498047,0.6218628287315369,17.435049057006836,19.42099952697754,15,Cropland/Natural vegetation mosaic
4391319.08128998,-2286681.74676982,-0.04570018839644902,-2.108152469534816,0.5988981263708681,"(-0.372,1.04]","(-3.47,-1.65]","(0.266,1.66]","(-0.372,1.04] (-3.47,-1.65] (0.266,1.66]",754.063232421875,22.47283172607422,215.1642303466797,16.861549377441406,19.761117935180664,2,Evergreen Broadleaf forest
4393819.08128998,-2303881.74676982,-0.13364816872698496,-2.893330697487491,1.711596957083847,"(-0.372,1.04]","(-3.47,-1.65]","(1.66,3.06]","(-0.372,1.04] (-3.47,-1.65] (1.66,3.06]",964.54754638671875,36.749881744384766,358.2523193359375,18.624134063720703,19.585500717163086,2,Evergreen Broadleaf forest
4388319.08128998,-2298181.74676982,-0.054215947601150026,-4.327865415348826,0.16803300968744586,"(-0.372,1.04]","(-5.31,-3.47]","(-1.13,0.266]","(-0.372,1.04] (-5.31,-3.47] (-1.13,0.266]",746.012939453125,40.8256721496582,91.66632080078125,17.604215621948242,19.407062530517578,2,Evergreen Broadleaf forest
4391319.08128998,-2294981.74676982,0.28360169671623414,-3.9705168319683692,0.3180113518636149,"(-0.372,1.04]","(-5.31,-3.47]","(0.266,1.66]","(-0.372,1.04] (-5.31,-3.47] (0.266,1.66]",782.22064208984375,39.12520217895508,120.32734680175781,18.602642059326172,19.66339683532715,2,Evergreen Broadleaf forest
4373419.08128998,-2293281.74676982,0.4397636780550552,0.7165540005949358,-0.45818508282075926,"(-0.372,1.04]","(0.18,2.01]","(-1.13,0.266]","(-0.372,1.04] (0.18,2.01] (-1.13,0.266]",1076.9261474609375,0.7025522589683533,177.91342163085938,17.951763153076172,18.74642562866211,15,Cropland/Natural vegetation mosaic
4363319.08128998,-2284181.74676982,-0.2948484451401442,1.2863155382587852,-2.0993751139543892,"(-0.372,1.04]","(0.18,2.01]","(-2.52,-1.13]","(-0.372,1.04] (0.18,2.01] (-2.52,-1.13]",1098.11767578125,10.434294700622559,35.10520553588867,18.336387634277344,18.758203506469727,13,Croplands
4362519.08128998,-2290881.74676982,-0.210557007137184,1.5999731213159063,-2.9580480610728057,"(-0.372,1.04]","(0.18,2.01]","(-3.92,-2.52]","(-0.372,1.04] (0.18,2.01] (-3.92,-2.52]",1101.7813720703125,7.144097328186035,34.41358184814453,18.231550216674805,18.809682846069336,7,Open shrublands
4372819.08128998,-2296781.74676982,0.24199976867338163,0.660747650663345,0.29924675566886144,"(-0.372,1.04]","(0.18,2.01]","(0.266,1.66]","(-0.372,1.04] (0.18,2.01] (0.266,1.66]",1089.0911865234375,4.647546291351318,289.6129455566406,17.818246841430664,18.594215393066406,15,Cropland/Natural vegetation mosaic
4368119.08128998,-2280981.74676982,-0.357588628045953,1.2005399586464538,2.3794611510596115,"(-0.372,1.04]","(0.18,2.01]","(1.66,3.06]","(-0.372,1.04] (0.18,2.01] (1.66,3.06]",1094.559814453125,5.819344997406006,302.4637451171875,17.919620513916016,18.595975875854492,4,Deciduous broadleaf forest
4366519.08128998,-2288181.74676982,-0.20132327513401793,2.799842546636654,-0.8381429087647533,"(-0.372,1.04]","(2.01,3.84]","(-1.13,0.266]","(-0.372,1.04] (2.01,3.84] (-1.13,0.266]",1069.485107421875,2.6314821243286133,260.8487854003906,18.38932228088379,18.888540267944336,13,Croplands
4370019.08128998,-2282881.74676982,-0.24292195862815927,2.4625170817404074,-1.483950832730061,"(-0.372,1.04]","(2.01,3.84]","(-2.52,-1.13]","(-0.372,1.04] (2.01,3.84] (-2.52,-1.13]",1069.9144287109375,2.6461124420166016,157.08438110351562,18.253599166870117,18.78427505493164,13,Croplands
4366519.08128998,-2285681.74676982,0.03405359150656954,2.1884282431194664,-3.2752398498039583,"(-0.372,1.04]","(2.01,3.84]","(-3.92,-2.52]","(-0.372,1.04] (2.01,3.84] (-3.92,-2.52]",1066.01220703125,0.4765589237213135,1.5116386413574219,18.454097747802734,18.92963218688965,7,Open shrublands
4373919.08128998,-2278581.74676982,-0.3323236507305372,3.134569021799727,0.4611503468056211,"(-0.372,1.04]","(2.01,3.84]","(0.266,1.66]","(-0.372,1.04] (2.01,3.84] (0.266,1.66]",1089.285888671875,1.1877950429916382,105.26436614990234,18.15858268737793,18.529264450073242,14,Urban and built-up
4386019.08128998,-2289681.74676982,-1.25844003688127,-0.10610298592172993,-0.13805608533422842,"(-1.78,-0.372]","(-1.65,0.18]","(-1.13,0.266]","(-1.78,-0.372] (-1.65,0.18] (-1.13,0.266]",1062.489990234375,2.903703212738037,172.0376434326172,15.934950828552246,18.29743003845215,2,Evergreen Broadleaf forest
4365119.08128998,-2299181.74676982,-0.5016276618246711,-1.531950720708518,-1.2657321215547068,"(-1.78,-0.372]","(-1.65,0.18]","(-2.52,-1.13]","(-1.78,-0.372] (-1.65,0.18] (-2.52,-1.13]",1251.175537109375,17.32143211364746,6.627569675445557,17.029382705688477,18.0090274810791,15,Cropland/Natural vegetation mosaic
4372619.08128998,-2299681.74676982,-0.6634589496599381,0.14396198265785173,-2.872454324024386,"(-1.78,-0.372]","(-1.65,0.18]","(-3.92,-2.52]","(-1.78,-0.372] (-1.65,0.18] (-3.92,-2.52]",1149.145263671875,20.350223541259766,11.605514526367188,17.728132247924805,18.50751304626465,7,Open shrublands
4372519.08128998,-2288581.74676982,-0.8295230200159879,0.05422029598458118,1.477807282332595,"(-1.78,-0.372]","(-1.65,0.18]","(0.266,1.66]","(-1.78,-0.372] (-1.65,0.18] (0.266,1.66]",1197.4793701171875,12.17802619934082,142.99343872070312,17.465986251831055,18.17376136779785,4,Deciduous broadleaf forest
4365219.08128998,-2295581.74676982,-1.1694676542797828,-0.21991895919288465,1.8149070101341276,"(-1.78,-0.372]","(-1.65,0.18]","(1.66,3.06]","(-1.78,-0.372] (-1.65,0.18] (1.66,3.06]",1266.759765625,16.257822036743164,188.2049560546875,17.13909912109375,17.997222900390625,4,Deciduous broadleaf forest
4375619.08128998,-2300881.74676982,-0.6469632053968101,-1.6802286248520015,0.08057066612356772,"(-1.78,-0.372]","(-3.47,-1.65]","(-1.13,0.266]","(-1.78,-0.372] (-3.47,-1.65] (-1.13,0.266]",1254.8818359375,24.57039451599121,201.95066833496094,16.899282455444336,18.102956771850586,15,Cropland/Natural vegetation mosaic
4373619.08128998,-2282281.74676982,-0.6295564376488082,-2.2141223528597394,-1.1494815084331058,"(-1.78,-0.372]","(-3.47,-1.65]","(-2.52,-1.13]","(-1.78,-0.372] (-3.47,-1.65] (-2.52,-1.13]",1303.6951904296875,24.140817642211914,6.355926036834717,17.103553771972656,18.005535125732422,15,Cropland/Natural vegetation mosaic
4395619.08128998,-2272281.74676982,-1.5087705047281048,-1.8707656454592896,1.0532629550714137,"(-1.78,-0.372]","(-3.47,-1.65]","(0.266,1.66]","(-1.78,-0.372] (-3.47,-1.65] (0.266,1.66]",1041.2989501953125,23.46182632446289,301.6718444824219,15.614067077636719,18.37420082092285,2,Evergreen Broadleaf forest
4369319.08128998,-2298181.74676982,-1.2704564017350852,-2.633431480333655,1.737602176183872,"(-1.78,-0.372]","(-3.47,-1.65]","(1.66,3.06]","(-1.78,-0.372] (-3.47,-1.65] (1.66,3.06]",1231.063720703125,36.597679138183594,112.2655258178711,16.74005889892578,18.238048553466797,4,Deciduous broadleaf forest
4390619.08128998,-2303481.74676982,-1.1950082198581224,-4.652028508858303,-0.1679106202269481,"(-1.78,-0.372]","(-5.31,-3.47]","(-1.13,0.266]","(-1.78,-0.372] (-5.31,-3.47] (-1.13,0.266]",995.0093994140625,42.42546081542969,43.73112106323242,16.086992263793945,18.750974655151367,2,Evergreen Broadleaf forest
4394819.08128998,-2282181.74676982,-0.7831814723072352,-4.035237596436511,0.5173977648970739,"(-1.78,-0.372]","(-5.31,-3.47]","(0.266,1.66]","(-1.78,-0.372] (-5.31,-3.47] (0.266,1.66]",854.135498046875,39.08806610107422,157.5631561279297,15.967082023620605,19.303823471069336,2,Evergreen Broadleaf forest
4391419.08128998,-2303781.74676982,-0.9608005378114194,-4.141910084009376,1.8698494132265433,"(-1.78,-0.372]","(-5.31,-3.47]","(1.66,3.06]","(-1.78,-0.372] (-5.31,-3.47] (1.66,3.06]",1015.4736328125,47.950401306152344,355.1705627441406,17.232234954833984,18.998096466064453,2,Evergreen Broadleaf forest
4378519.08128998,-2286881.74676982,-0.7571005637629439,0.9440763972896844,0.16122805054028072,"(-1.78,-0.372]","(0.18,2.01]","(-1.13,0.266]","(-1.78,-0.372] (0.18,2.01] (-1.13,0.266]",1102.3623046875,7.008917808532715,248.21470642089844,17.841175079345703,18.414880752563477,5,Mixed forest
4367919.08128998,-2287881.74676982,-0.3787401784952268,1.4585951537824529,-1.9164644268424482,"(-1.78,-0.372]","(0.18,2.01]","(-2.52,-1.13]","(-1.78,-0.372] (0.18,2.01] (-2.52,-1.13]",1119.369384765625,9.734198570251465,67.43628692626953,18.20711326599121,18.754884719848633,13,Croplands
4369719.08128998,-2285581.74676982,-0.4214038052462734,0.7045449812377701,-2.5211213818034146,"(-1.78,-0.372]","(0.18,2.01]","(-3.92,-2.52]","(-1.78,-0.372] (0.18,2.01] (-3.92,-2.52]",1107.5240478515625,17.009613037109375,76.3088607788086,18.0886287689209,18.658349990844727,7,Open shrublands
4373119.08128998,-2300681.74676982,-0.9785571584013056,0.5586324280837868,0.5935413126995938,"(-1.78,-0.372]","(0.18,2.01]","(0.266,1.66]","(-1.78,-0.372] (0.18,2.01] (0.266,1.66]",1126.234130859375,12.283026695251465,303.3508605957031,17.556163787841797,18.34076499938965,5,Mixed forest
4383619.08128998,-2304181.74676982,-0.7499667511722518,0.8948009609654423,2.2231971659332483,"(-1.78,-0.372]","(0.18,2.01]","(1.66,3.06]","(-1.78,-0.372] (0.18,2.01] (1.66,3.06]",1097.5074462890625,7.315674781799316,274.75927734375,17.032480239868164,18.287696838378906,4,Deciduous broadleaf forest
4362319.08128998,-2283581.74676982,-0.7564769981272885,2.8282053012506516,-0.25158695460695085,"(-1.78,-0.372]","(2.01,3.84]","(-1.13,0.266]","(-1.78,-0.372] (2.01,3.84] (-1.13,0.266]",1177.70068359375,5.485488414764404,352.9179382324219,18.024520874023438,18.388263702392578,13,Croplands
4376619.08128998,-2281281.74676982,-0.49559736715977654,3.1497789983981264,-1.2116467790837113,"(-1.78,-0.372]","(2.01,3.84]","(-2.52,-1.13]","(-1.78,-0.372] (2.01,3.84] (-2.52,-1.13]",1091.268798828125,1.2698086500167847,335.9651794433594,17.91082763671875,18.458450317382812,7,Open shrublands
4363019.08128998,-2272281.74676982,-1.6352250078680781,2.2159058233370033,-2.5477454008993314,"(-1.78,-0.372]","(2.01,3.84]","(-3.92,-2.52]","(-1.78,-0.372] (2.01,3.84] (-3.92,-2.52]",1340.15234375,0.9898229241371155,6.518896579742432,16.928686141967773,17.26761817932129,13,Croplands
4382419.08128998,-2275681.74676982,-2.098180849225647,-1.1174393342181834,-0.22934106933730206,"(-3.19,-1.78]","(-1.65,0.18]","(-1.13,0.266]","(-3.19,-1.78] (-1.65,0.18] (-1.13,0.266]",1238.3223876953125,11.935271263122559,138.74867248535156,15.193530082702637,17.665557861328125,2,Evergreen Broadleaf forest
4390019.08128998,-2277281.74676982,-1.9128934238742468,-0.7750305243829074,-1.1699441456485695,"(-3.19,-1.78]","(-1.65,0.18]","(-2.52,-1.13]","(-3.19,-1.78] (-1.65,0.18] (-2.52,-1.13]",1167.449462890625,4.095302104949951,8.024799346923828,14.89428424835205,17.750995635986328,2,Evergreen Broadleaf forest
4382819.08128998,-2287381.74676982,-2.2779178986212063,-0.11074375004305016,0.349813962493583,"(-3.19,-1.78]","(-1.65,0.18]","(0.266,1.66]","(-3.19,-1.78] (-1.65,0.18] (0.266,1.66]",1262.7166748046875,5.390719413757324,252.87173461914062,14.691533088684082,17.672712326049805,2,Evergreen Broadleaf forest
4366319.08128998,-2274381.74676982,-2.332797811810812,-0.016365795077619136,1.910208803173842,"(-3.19,-1.78]","(-1.65,0.18]","(1.66,3.06]","(-3.19,-1.78] (-1.65,0.18] (1.66,3.06]",1456.89501953125,15.36510944366455,218.286376953125,15.875170707702637,16.8559513092041,4,Deciduous broadleaf forest
4389619.08128998,-2282981.74676982,-2.3964234513285816,-1.8117357783567998,-0.3075804731036324,"(-3.19,-1.78]","(-3.47,-1.65]","(-1.13,0.266]","(-3.19,-1.78] (-3.47,-1.65] (-1.13,0.266]",1187.7772216796875,16.728073120117188,111.13496398925781,14.123764038085938,17.566287994384766,2,Evergreen Broadleaf forest
4390019.08128998,-2303581.74676982,-1.8342579817547033,-2.252473034580154,1.233075883906331,"(-3.19,-1.78]","(-3.47,-1.65]","(0.266,1.66]","(-3.19,-1.78] (-3.47,-1.65] (0.266,1.66]",1116.57421875,27.658348083496094,320.68646240234375,15.181446075439453,18.31727409362793,2,Evergreen Broadleaf forest
4362419.08128998,-2271381.74676982,-2.602672471218456,-1.6644603493610806,1.8529923141107607,"(-3.19,-1.78]","(-3.47,-1.65]","(1.66,3.06]","(-3.19,-1.78] (-3.47,-1.65] (1.66,3.06]",1454.568359375,19.298446655273438,245.0207977294922,16.754446029663086,17.24995994567871,11,Tall grasslands
4376619.08128998,-2286281.74676982,-1.842203807640026,-3.7825429586482335,-0.03975072894663786,"(-3.19,-1.78]","(-5.31,-3.47]","(-1.13,0.266]","(-3.19,-1.78] (-5.31,-3.47] (-1.13,0.266]",1280.545166015625,48.08888626098633,100.20388793945312,16.890079498291016,17.892122268676758,5,Mixed forest
4367919.08128998,-2272681.74676982,-2.8364618451645396,0.7505369563071379,-0.6014693069976349,"(-3.19,-1.78]","(0.18,2.01]","(-1.13,0.266]","(-3.19,-1.78] (0.18,2.01] (-1.13,0.266]",1492.896728515625,5.985360145568848,149.57138061523438,15.330789566040039,16.65020751953125,5,Mixed forest
4369819.08128998,-2273581.74676982,-2.0088910709661505,1.3968791032033023,-2.0405004893106415,"(-3.19,-1.78]","(0.18,2.01]","(-2.52,-1.13]","(-3.19,-1.78] (0.18,2.01] (-2.52,-1.13]",1348.7508544921875,10.085246086120605,62.30434036254883,16.236343383789062,17.12858772277832,13,Croplands
4365719.08128998,-2273081.74676982,-1.836943563969409,1.9804099105033839,-2.546874714891179,"(-3.19,-1.78]","(0.18,2.01]","(-3.92,-2.52]","(-3.19,-1.78] (0.18,2.01] (-3.92,-2.52]",1367.868408203125,3.0054264068603516,2.081430673599243,16.610610961914062,17.15739631652832,13,Croplands
4374419.08128998,-2275081.74676982,-2.0979778993254588,0.9131971493564774,0.31053468584062915,"(-3.19,-1.78]","(0.18,2.01]","(0.266,1.66]","(-3.19,-1.78] (0.18,2.01] (0.266,1.66]",1272.9710693359375,7.522409915924072,281.4835205078125,15.64533805847168,17.4735050201416,5,Mixed forest
4364819.08128998,-2279081.74676982,-1.8073209141520459,1.1008517342327249,1.912288696900039,"(-3.19,-1.78]","(0.18,2.01]","(1.66,3.06]","(-3.19,-1.78] (0.18,2.01] (1.66,3.06]",1318.4373779296875,4.498096466064453,244.1595001220703,15.742664337158203,17.470670700073242,4,Deciduous broadleaf forest
4379519.08128998,-2277281.74676982,-1.7905750898708956,2.762514876985811,-0.3250720034260887,"(-3.19,-1.78]","(2.01,3.84]","(-1.13,0.266]","(-3.19,-1.78] (2.01,3.84] (-1.13,0.266]",1235.6549072265625,4.733313083648682,349.7255859375,15.852754592895508,17.643571853637695,13,Croplands
4371719.08128998,-2272481.74676982,-1.858198050152689,2.624295183893082,-1.6108301926645114,"(-3.19,-1.78]","(2.01,3.84]","(-2.52,-1.13]","(-3.19,-1.78] (2.01,3.84] (-2.52,-1.13]",1327.1822509765625,1.116086483001709,157.4444122314453,16.32918357849121,17.2503604888916,13,Croplands
4381219.08128998,-2274981.74676982,-1.8741530233751986,2.143549099522871,-2.8526614629560147,"(-3.19,-1.78]","(2.01,3.84]","(-3.92,-2.52]","(-3.19,-1.78] (2.01,3.84] (-3.92,-2.52]",1230.572509765625,10.639649391174316,222.93218994140625,15.89857292175293,17.674575805664062,16,Barren or sparsely vegetated
4404319.08128998,-2286581.74676982,1.5278778599937768,-0.2975914160168421,0.2423815086821815,"(1.04,2.44]","(-1.65,0.18]","(-1.13,0.266]","(1.04,2.44] (-1.65,0.18] (-1.13,0.266]",607.96917724609375,5.542171478271484,197.56918334960938,19.31825828552246,20.873558044433594,2,Evergreen Broadleaf forest
4393819.08128998,-2295581.74676982,2.39376564302263,-0.3659495423420402,-1.3323947978947932,"(1.04,2.44]","(-1.65,0.18]","(-2.52,-1.13]","(1.04,2.44] (-1.65,0.18] (-2.52,-1.13]",629.180908203125,4.492737770080566,2.310621976852417,19.372087478637695,20.547582626342773,15,Cropland/Natural vegetation mosaic
4392219.08128998,-2297981.74676982,1.5613545440446173,-0.6636226773489603,0.40707017862233524,"(1.04,2.44]","(-1.65,0.18]","(0.266,1.66]","(1.04,2.44] (-1.65,0.18] (0.266,1.66]",566.12579345703125,9.575034141540527,211.58909606933594,19.520002365112305,20.719268798828125,2,Evergreen Broadleaf forest
4405519.08128998,-2273681.74676982,2.0911810535777486,-1.1511356730809899,1.7071732294403774,"(1.04,2.44]","(-1.65,0.18]","(1.66,3.06]","(1.04,2.44] (-1.65,0.18] (1.66,3.06]",569.68011474609375,21.56456184387207,117.63381958007812,20.034854888916016,21.028371810913086,4,Deciduous broadleaf forest
4396519.08128998,-2279381.74676982,1.1270349731219966,-1.9715136221177836,-1.0051914409246236,"(1.04,2.44]","(-3.47,-1.65]","(-1.13,0.266]","(1.04,2.44] (-3.47,-1.65] (-1.13,0.266]",821.4478759765625,20.595861434936523,18.35152816772461,18.143571853637695,19.471782684326172,15,Cropland/Natural vegetation mosaic
4392619.08128998,-2274381.74676982,1.1834341600315634,-1.7438795984846307,-1.1302126731312212,"(1.04,2.44]","(-3.47,-1.65]","(-2.52,-1.13]","(1.04,2.44] (-3.47,-1.65] (-2.52,-1.13]",853.7093505859375,18.54269027709961,5.618590831756592,18.574527740478516,19.376466751098633,15,Cropland/Natural vegetation mosaic
4395419.08128998,-2279081.74676982,1.3471746301950926,-2.0471854374247713,1.3302630408504696,"(1.04,2.44]","(-3.47,-1.65]","(0.266,1.66]","(1.04,2.44] (-3.47,-1.65] (0.266,1.66]",781.64227294921875,32.113258361816406,357.83660888671875,18.998207092285156,19.789623260498047,15,Cropland/Natural vegetation mosaic
4402919.08128998,-2273081.74676982,2.39111358251916,0.49713238143730687,0.1840570343284827,"(1.04,2.44]","(0.18,2.01]","(-1.13,0.266]","(1.04,2.44] (0.18,2.01] (-1.13,0.266]",635.74041748046875,3.7075119018554688,248.8004150390625,19.448211669921875,20.741697311401367,15,Cropland/Natural vegetation mosaic
4391719.08128998,-2293781.74676982,1.2488303683478257,0.18295358341130033,-1.2023688497763616,"(1.04,2.44]","(0.18,2.01]","(-2.52,-1.13]","(1.04,2.44] (0.18,2.01] (-2.52,-1.13]",610.217529296875,5.078941345214844,8.88243293762207,18.72968101501465,20.36806297302246,5,Mixed forest
4405119.08128998,-2293381.74676982,2.2472055103202466,0.6250082769908258,1.6014679258919036,"(1.04,2.44]","(0.18,2.01]","(0.266,1.66]","(1.04,2.44] (0.18,2.01] (0.266,1.66]",524.2891845703125,5.008182525634766,148.87571716308594,19.782917022705078,21.09432601928711,4,Deciduous broadleaf forest
4407519.08128998,-2286081.74676982,2.2984581856672,0.9187322169223969,2.611898594950914,"(1.04,2.44]","(0.18,2.01]","(1.66,3.06]","(1.04,2.44] (0.18,2.01] (1.66,3.06]",508.5202331542969,6.859214782714844,305.0046691894531,19.856657028198242,21.29343032836914,4,Deciduous broadleaf forest
4398419.08128998,-2288481.74676982,2.525031021694316,-0.4795742020406707,-1.1660670659583945,"(2.44,3.86]","(-1.65,0.18]","(-2.52,-1.13]","(2.44,3.86] (-1.65,0.18] (-2.52,-1.13]",591.7349853515625,6.100003719329834,22.511455535888672,19.486652374267578,20.681859970092773,15,Cropland/Natural vegetation mosaic
4405619.08128998,-2302781.74676982,3.063005826264072,0.1267096667619136,0.4048473248887718,"(2.44,3.86]","(-1.65,0.18]","(0.266,1.66]","(2.44,3.86] (-1.65,0.18] (0.266,1.66]",483.4055480957031,7.543061256408691,265.1639709472656,20.15974998474121,21.329627990722656,15,Cropland/Natural vegetation mosaic
4407219.08128998,-2300481.74676982,2.699625933970154,0.07572578823811511,1.9788095330594397,"(2.44,3.86]","(-1.65,0.18]","(1.66,3.06]","(2.44,3.86] (-1.65,0.18] (1.66,3.06]",419.49847412109375,11.41430377960205,185.39910888671875,20.440080642700195,21.452022552490234,4,Deciduous broadleaf forest
4404819.08128998,-2275381.74676982,2.623565992901313,-2.0674380764194065,-0.9638755351007505,"(2.44,3.86]","(-3.47,-1.65]","(-1.13,0.266]","(2.44,3.86] (-3.47,-1.65] (-1.13,0.266]",576.1376953125,21.050867080688477,8.268675804138184,19.802074432373047,20.926021575927734,15,Cropland/Natural vegetation mosaic
4400619.08128998,-2304181.74676982,2.50043024674566,-1.779054511376919,0.7086279763125246,"(2.44,3.86]","(-3.47,-1.65]","(0.266,1.66]","(2.44,3.86] (-3.47,-1.65] (0.266,1.66]",370.6697082519531,20.289859771728516,217.19508361816406,20.631855010986328,21.625810623168945,2,Evergreen Broadleaf forest
4405619.08128998,-2275681.74676982,2.9044209596899857,0.24812059507316217,-0.44849937275149826,"(2.44,3.86]","(0.18,2.01]","(-1.13,0.266]","(2.44,3.86] (0.18,2.01] (-1.13,0.266]",554.60791015625,2.9486682415008545,144.3542938232422,20.040302276611328,21.116254806518555,15,Cropland/Natural vegetation mosaic
4399619.08128998,-2288881.74676982,2.4845176324135076,0.20189735115289073,-1.2011212445769488,"(2.44,3.86]","(0.18,2.01]","(-2.52,-1.13]","(2.44,3.86] (0.18,2.01] (-2.52,-1.13]",633.3482666015625,0.03722177818417549,36.19161605834961,19.41004180908203,20.7073917388916,15,Cropland/Natural vegetation mosaic
4400019.08128998,-2300881.74676982,2.9342357092587377,0.9020201687110174,2.2749255299173896,"(2.44,3.86]","(0.18,2.01]","(1.66,3.06]","(2.44,3.86] (0.18,2.01] (1.66,3.06]",347.9457702636719,5.162960052490234,249.2711181640625,20.537311553955078,21.587581634521484,4,Deciduous broadleaf forest
4402819.08128998,-2294281.74676982,2.5703585330586702,0.09831231011689767,-0.1345475033589495,"(2.44,3.86]","(-1.65,0.18]","(-1.13,0.266]","(2.44,3.86] (-1.65,0.18] (-1.13,0.266]",569.57281494140625,5.548330307006836,189.51409912109375,19.550336837768555,20.80516815185547,15,Cropland/Natural vegetation mosaic
4398319.08128998,-2302281.74676982,3.0041092017914557,0.5225426186071664,0.8011276147039168,"(2.44,3.86]","(0.18,2.01]","(0.266,1.66]","(2.44,3.86] (0.18,2.01] (0.266,1.66]",503.0845031738281,6.108878135681152,334.7295227050781,20.30421257019043,21.19745635986328,15,Cropland/Natural vegetation mosaic
4372319.08128998,-2280981.74676982,-0.3512383318375893,3.596559453256313,1.6949377821254505,"(-0.372,1.04]","(2.01,3.84]","(1.66,3.06]","(-0.372,1.04] (2.01,3.84] (1.66,3.06]",1078.583984375,2.5827536582946777,299.453125,18.170711517333984,18.647672653198242,14,Urban and built-up
4373319.08128998,-2279881.74676982,-0.47891738909019915,2.99339709932727,1.3996521312830712,"(-1.78,-0.372]","(2.01,3.84]","(0.266,1.66]","(-1.78,-0.372] (2.01,3.84] (0.266,1.66]",1131.630859375,6.776707649230957,240.78863525390625,18.13086700439453,18.61961555480957,14,Urban and built-up
4373419.08128998,-2279281.74676982,-0.48408179276197266,3.123840399535755,1.8133683396014448,"(-1.78,-0.372]","(2.01,3.84]","(1.66,3.06]","(-1.78,-0.372] (2.01,3.84] (1.66,3.06]",1108.885009765625,7.418258190155029,305.2434997558594,18.13086700439453,18.583250045776367,14,Urban and built-up
